Time [s],Channel 1
0.000000000,0
0.014998390,1
0.016291960,0
0.031674790,1
0.032863060,0
0.048342660,1
0.049545940,0
0.065000160,1
0.066238990,0
0.081667980,1
0.082964910,0
0.098334800,1
0.099594720,0
0.114966730,1
0.116153060,0
0.131671170,1
0.132888150,0
0.148330180,1
0.149563370,0
0.164976480,1
0.166188700,0
0.181642000,1
0.182864570,0
0.198293430,1
0.199523250,0
0.214956790,1
0.216190800,0
0.231615810,1
0.232853740,0
0.248258990,1
0.249412080,0
0.264949000,1
0.266305340,0
0.281597040,1
0.282822370,0
0.298268980,1
0.299445890,0
0.313540860,1
0.413539950,0
0.415003270,1
0.416076190,0
0.431555710,1
0.432672040,0
0.448214690,1
0.449444250,0
0.464858310,1
0.465990180,0
0.481545650,1
0.482724820,0
0.498202600,1
0.499365120,0
0.514893140,1
0.516264360,0
0.531547600,1
0.532718090,0
0.548177300,1
0.549431470,0
0.564877760,1
0.566078250,0
0.581509350,1
0.582683500,0
0.598182860,1
0.599417700,0
0.614864880,1
0.616009450,0
0.631522960,1
0.632748870,0
0.648162810,1
0.649340760,0
0.664825390,1
0.665988010,0
0.681479730,1
0.682659340,0
0.698140450,1
0.699519330,0
0.714853610,1
0.715998140,0
0.731504630,1
0.732640680,0
0.748121800,1
0.749408650,0
0.764792950,1
0.766030270,0
0.781440490,1
0.782756580,0
0.798110870,1
0.799223270,0
0.814802570,1
0.816013560,0
0.831438830,1
0.832691840,0
0.848113560,1
0.849417770,0
0.864769360,1
0.866026630,0
0.881422070,1
0.882615190,0
0.898083510,1
0.899420940,0
0.914759990,1
0.915954750,0
0.931447050,1
0.932538870,0
0.948109740,1
0.949182200,0
0.964754800,1
0.965974600,0
0.981420120,1
0.982592190,0
0.998127130,1
0.999356850,0
1.014759110,1
1.015800120,0
1.031421010,1
1.032542110,0
1.048032450,1
1.049290170,0
1.064711240,1
1.065890750,0
1.081401260,1
1.082540960,0
1.098031840,1
1.099360490,0
1.114769120,1
1.115919120,0
1.131406770,1
1.132498860,0
1.148038470,1
1.149135780,0
1.164680250,1
1.166047980,0
1.181364620,1
1.182504010,0
1.198032320,1
1.199103970,0
1.214677590,1
1.215831370,0
1.231364010,1
1.232532560,0
1.247984010,1
1.249222560,0
1.264676200,1
1.265829790,0
1.281347450,1
1.282636640,0
1.297995620,1
1.299200720,0
1.313531560,1
1.413530650,0
1.414784090,1
1.415812060,0
1.431317200,1
1.432534050,0
1.447952640,1
1.449285440,0
1.464636840,1
1.465712150,0
1.481285080,1
1.482373440,0
1.497946740,1
1.499200040,0
1.514630850,1
1.515807460,0
1.531272840,1
1.532488850,0
1.547921040,1
1.549152530,0
1.564594920,1
1.565944610,0
1.581263650,1
1.582502860,0
1.597944010,1
1.599204060,0
1.614718660,1
1.615809900,0
1.631251840,1
1.632382050,0
1.647907700,1
1.649144960,0
1.664549380,1
1.665684200,0
1.681217710,1
1.682413970,0
1.697884960,1
1.698976870,0
1.714590620,1
1.715615740,0
1.731235560,1
1.732581090,0
1.747853600,1
1.749625530,0
1.764680770,1
1.765754100,0
1.781360850,1
1.782426050,0
1.797861300,1
1.799655910,0
1.814669200,1
1.815890600,0
1.831275840,1
1.832989870,0
1.847862380,1
1.849101490,0
1.864647400,1
1.866309140,0
1.881161120,1
1.882286490,0
1.897817780,1
1.899033950,0
1.914530200,1
1.915580630,0
1.931145230,1
1.932399060,0
1.947813690,1
1.949033900,0
1.964468650,1
1.965630930,0
1.981147860,1
1.982466390,0
1.997800280,1
1.999029630,0
2.014463680,1
2.015709870,0
2.031147790,1
2.032344210,0
2.047790470,1
2.049102980,0
2.064412690,1
2.065559960,0
2.081126800,1
2.082289150,0
2.097769270,1
2.098986870,0
2.114482420,1
2.115505470,0
2.131083300,1
2.132318280,0
2.147761310,1
2.148931860,0
2.164448920,1
2.165579600,0
2.181080880,1
2.182249920,0
2.197748920,1
2.198998770,0
2.214411800,1
2.215674580,0
2.231075620,1
2.232162420,0
2.247760970,1
2.249371270,0
2.264386650,1
2.265660520,0
2.281050210,1
2.282366540,0
2.297751780,1
2.298914290,0
2.313522260,1
2.413521340,0
2.414559670,1
2.415432000,0
2.431017960,1
2.432208550,0
2.447668960,1
2.449022740,0
2.464355360,1
2.465661090,0
2.481012880,1
2.482269190,0
2.497653750,1
2.498776740,0
2.514362610,1
2.515606020,0
2.530962900,1
2.532186260,0
2.547655260,1
2.548848870,0
2.564333510,1
2.565544910,0
2.580961330,1
2.582149160,0
2.597626090,1
2.598833590,0
2.614314540,1
2.615525960,0
2.630946270,1
2.632239360,0
2.647617800,1
2.648881450,0
2.664283120,1
2.665595020,0
2.680950600,1
2.682145030,0
2.697628760,1
2.698828590,0
2.714292750,1
2.715354940,0
2.730973180,1
2.732218760,0
2.747620570,1
2.748857740,0
2.764271440,1
2.765491460,0
2.780942080,1
2.782129370,0
2.797610610,1
2.798873910,0
2.814275580,1
2.815548870,0
2.830913950,1
2.832010980,0
2.847600850,1
2.848762190,0
2.864255920,1
2.865425830,0
2.880909380,1
2.882247890,0
2.897571720,1
2.898803750,0
2.914237570,1
2.915520190,0
2.930899690,1
2.932063310,0
2.947511310,1
2.948716020,0
2.964217910,1
2.965463460,0
2.980866290,1
2.982117260,0
2.997539350,1
2.998641830,0
3.014227200,1
3.015263750,0
3.030856050,1
3.032031410,0
3.047533650,1
3.048654420,0
3.064214430,1
3.065435200,0
3.080887820,1
3.081949200,0
3.097508260,1
3.098679690,0
3.114225480,1
3.115510860,0
3.130853160,1
3.132081410,0
3.147529680,1
3.148773180,0
3.164175350,1
3.165353190,0
3.180845420,1
3.182146520,0
3.197501630,1
3.198614600,0
3.214201760,1
3.215267340,0
3.230834460,1
3.232152400,0
3.247503670,1
3.248824470,0
3.264144540,1
3.265371180,0
3.280817520,1
3.282171230,0
3.297580080,1
3.298646030,0
3.313512960,1
3.413512030,0
3.414402430,1
3.415113390,0
3.430766920,1
3.431941470,0
3.447445180,1
3.448629780,0
3.464097410,1
3.465401750,0
3.480783130,1
3.482057100,0
3.497438030,1
3.498665720,0
3.514114080,1
3.515171180,0
3.530751780,1
3.531972590,0
3.547426000,1
3.548616600,0
3.564091090,1
3.565312230,0
3.580749550,1
3.582029740,0
3.597424830,1
3.598763350,0
3.614070480,1
3.615174510,0
3.630755590,1
3.632083740,0
3.647411560,1
3.648867500,0
3.664028020,1
3.665385790,0
3.680747810,1
3.682017820,0
3.697367330,1
3.698573500,0
3.714054490,1
3.715323180,0
3.730717700,1
3.731994480,0
3.747366750,1
3.748473360,0
3.764028660,1
3.765329330,0
3.780705710,1
3.781892020,0
3.797391510,1
3.798639000,0
3.814046250,1
3.815276620,0
3.830693820,1
3.831852300,0
3.847349650,1
3.848600900,0
3.864008460,1
3.865266790,0
3.880678440,1
3.881758490,0
3.897305240,1
3.898598320,0
3.914031600,1
3.915227520,0
3.930683220,1
3.931802480,0
3.947314470,1
3.948423840,0
3.963976080,1
3.965183630,0
3.980655990,1
3.982522330,0
3.997306470,1
3.998538890,0
4.014155370,1
4.015172860,0
4.030643720,1
4.031768630,0
4.047315370,1
4.048431220,0
4.063953640,1
4.065265490,0
4.080643420,1
4.081915710,0
4.097307770,1
4.098586630,0
4.113941250,1
4.115224550,0
4.130631190,1
4.131937970,0
4.147276750,1
4.148423710,0
4.163948600,1
4.165220750,0
4.180599840,1
4.181872080,0
4.197258680,1
4.198479730,0
4.213946290,1
4.215119890,0
4.230593730,1
4.231685950,0
4.247269330,1
4.248407400,0
4.263933310,1
4.265227460,0
4.280553640,1
4.281769220,0
4.297229170,1
4.298474000,0
4.313503650,1
4.413502720,0
4.414260040,1
4.414789010,0
4.430527770,1
4.431858370,0
4.447215070,1
4.448496380,0
4.463886350,1
4.465192280,0
4.480533240,1
4.481835340,0
4.497191000,1
4.498438470,0
4.513863800,1
4.515222650,0
4.530517450,1
4.531739520,0
4.547192670,1
4.548390020,0
4.563847560,1
4.564936800,0
4.580502400,1
4.581632490,0
4.597140540,1
4.598263360,0
4.613828930,1
4.615027190,0
4.630500490,1
4.631642730,0
4.647172370,1
4.648230390,0
4.663834030,1
4.665127590,0
4.680461820,1
4.681723420,0
4.697143000,1
4.698386280,0
4.713820340,1
4.714994730,0
4.730481460,1
4.731544150,0
4.747131970,1
4.748240230,0
4.763791200,1
4.764879530,0
4.780433380,1
4.781629760,0
4.797135160,1
4.798334000,0
4.813797520,1
4.814947190,0
4.830455000,1
4.831631290,0
4.847091410,1
4.848274520,0
4.863757670,1
4.864983430,0
4.880436280,1
4.881615800,0
4.897094560,1
4.898252380,0
4.913758860,1
4.915210780,0
4.930421160,1
4.931680090,0
4.947063130,1
4.948383650,0
4.963730870,1
4.965009200,0
4.980436430,1
4.981520390,0
4.997038580,1
4.998234310,0
5.013743360,1
5.014981710,0
5.030406320,1
5.031629210,0
5.047058160,1
5.048120970,0
5.063730120,1
5.064872610,0
5.080394410,1
5.081540420,0
5.097044040,1
5.098374700,0
5.113745700,1
5.114930600,0
5.130377360,1
5.131672830,0
5.147013620,1
5.148339790,0
5.163816170,1
5.165396530,0
5.180366410,1
5.181590780,0
5.197037400,1
5.198291960,0
5.213697380,1
5.214991760,0
5.230348580,1
5.231501400,0
5.247014290,1
5.248169080,0
5.263646430,1
5.264941620,0
5.280332470,1
5.281441830,0
5.296988530,1
5.298222420,0
5.313494330,1
5.413493400,0
5.414149570,1
5.414437580,0
5.430289460,1
5.431507690,0
5.447019900,1
5.448133420,0
5.463627070,1
5.464909940,0
5.480317610,1
5.481539410,0
5.496936550,1
5.498094760,0
5.513628480,1
5.514777290,0
5.530266540,1
5.531520030,0
5.546945940,1
5.548201890,0
5.563616830,1
5.564909730,0
5.580269050,1
5.581594510,0
5.596944170,1
5.598048800,0
5.613616840,1
5.614632880,0
5.630277380,1
5.631440930,0
5.646924330,1
5.648120770,0
5.663592450,1
5.664700090,0
5.680271190,1
5.681613760,0
5.696894350,1
5.698160470,0
5.713593330,1
5.714739740,0
5.730240410,1
5.731512240,0
5.746879980,1
5.748179290,0
5.763582550,1
5.764750600,0
5.780233290,1
5.781551940,0
5.796891840,1
5.798118390,0
5.813532150,1
5.814647200,0
5.830225880,1
5.831314290,0
5.846874530,1
5.848119190,0
5.863529870,1
5.864749060,0
5.880235610,1
5.881411390,0
5.896855310,1
5.897953730,0
5.913563420,1
5.914641640,0
5.930206270,1
5.931359100,0
5.946858480,1
5.947976270,0
5.963553400,1
5.964578010,0
5.980216710,1
5.981340240,0
5.996839590,1
5.998020160,0
6.013521290,1
6.014620760,0
6.030196410,1
6.031380270,0
6.046846960,1
6.048119220,0
6.063520150,1
6.064744110,0
6.080201830,1
6.081445630,0
6.096840350,1
6.098108400,0
6.113497920,1
6.114856100,0
6.130168560,1
6.131347440,0
6.146852880,1
6.148114860,0
6.163477700,1
6.164866310,0
6.180150540,1
6.181474860,0
6.196830330,1
6.197999860,0
6.213484510,1
6.214788670,0
6.230147900,1
6.231460570,0
6.246814860,1
6.248066090,0
6.263480640,1
6.264719790,0
6.280131270,1
6.281491890,0
6.296807120,1
6.298000240,0
6.313472430,1
6.413484080,0
6.430118720,1
6.431391790,0
6.446783720,1
6.447974240,0
6.463463530,1
6.464691860,0
6.480217730,1
6.481183490,0
6.496749750,1
6.498052820,0
6.513465900,1
6.514514030,0
6.530090120,1
6.531357080,0
6.546760960,1
6.548071330,0
6.563425100,1
6.564628980,0
6.580064530,1
6.581477940,0
6.596731650,1
6.598053480,0
6.613446780,1
6.614761300,0
6.630074210,1
6.631119040,0
6.646734220,1
6.648066050,0
6.663384730,1
6.664717610,0
6.680031950,1
6.681410900,0
6.696714730,1
6.697995290,0
6.713378000,1
6.714578610,0
6.730037790,1
6.731262790,0
6.746706320,1
6.747834190,0
6.763352380,1
6.764698280,0
6.780031550,1
6.781344950,0
6.796695570,1
6.798089470,0
6.813369710,1
6.814666120,0
6.830164510,1
6.831847660,0
6.846838450,1
6.848581760,0
6.863436410,1
6.865197300,0
6.880119170,1
6.881090280,0
6.896776090,1
6.897821040,0
6.913514920,1
6.914492150,0
6.929987180,1
6.931169060,0
6.946675320,1
6.947985620,0
6.963319500,1
6.964552090,0
6.979967770,1
6.981120910,0
6.996633110,1
6.997823640,0
7.013323750,1
7.014615370,0
7.029975740,1
7.031217640,0
7.046596960,1
7.047762970,0
7.063264250,1
7.064625160,0
7.079979910,1
7.081113660,0
7.096615570,1
7.097841480,0
7.113253540,1
7.114589860,0
7.129943560,1
7.131181800,0
7.146600900,1
7.147891830,0
7.163275050,1
7.164441910,0
7.179926090,1
7.181138530,0
7.196614930,1
7.197676200,0
7.213262470,1
7.214392640,0
7.229912740,1
7.231118890,0
7.246592850,1
7.247751750,0
7.263251380,1
7.264477240,0
7.279935550,1
7.281228320,0
7.296572820,1
7.297757380,0
7.313264960,1
7.413474750,0
7.429853120,1
7.431030130,0
7.446536080,1
7.447628530,0
7.463196290,1
7.464409960,0
7.479834250,1
7.480942480,0
7.496478200,1
7.497593640,0
7.513157220,1
7.514441550,0
7.529842420,1
7.531126000,0
7.546471910,1
7.547623710,0
7.563187550,1
7.564253850,0
7.579818990,1
7.580907470,0
7.596485240,1
7.597687580,0
7.613154720,1
7.614360390,0
7.629820100,1
7.631115880,0
7.646485770,1
7.647750820,0
7.663159030,1
7.664363440,0
7.679825710,1
7.681054620,0
7.696470260,1
7.697608510,0
7.713132620,1
7.714325920,0
7.729785450,1
7.730963250,0
7.746444210,1
7.747546730,0
7.763105330,1
7.764259640,0
7.779797090,1
7.781052600,0
7.796428600,1
7.797673950,0
7.813123320,1
7.814366230,0
7.829754880,1
7.830845040,0
7.846426450,1
7.847721520,0
7.863098100,1
7.864306260,0
7.879763380,1
7.881043670,0
7.896414220,1
7.897635880,0
7.913095700,1
7.914336570,0
7.929761210,1
7.930987840,0
7.946406270,1
7.947591800,0
7.963164700,1
7.964432960,0
7.979742220,1
7.981092900,0
7.996410640,1
7.997551210,0
8.013039690,1
8.014252290,0
8.029670290,1
8.030986320,0
8.046385110,1
8.047528680,0
8.063040860,1
8.064127970,0
8.079719940,1
8.080961890,0
8.096367810,1
8.097566780,0
8.112997330,1
8.114267720,0
8.129664570,1
8.131024020,0
8.146352670,1
8.147598080,0
8.163019920,1
8.164227090,0
8.179668640,1
8.180882560,0
8.196509360,1
8.197700930,0
8.213001820,1
8.214159800,0
8.229642810,1
8.230851750,0
8.246339560,1
8.247569500,0
8.262987800,1
8.264303910,0
8.279683020,1
8.280856160,0
8.296289550,1
8.297601430,0
8.312977480,1
8.413465420,0
8.429634710,1
8.430980660,0
8.446314520,1
8.447389070,0
8.462954820,1
8.464281700,0
8.479625260,1
8.480744770,0
8.496345530,1
8.497475490,0
8.512955100,1
8.514193060,0
8.529615760,1
8.530823940,0
8.546297760,1
8.547470430,0
8.562926000,1
8.564179320,0
8.579570390,1
8.580797010,0
8.596265060,1
8.597386330,0
8.612894290,1
8.614220280,0
8.629591290,1
8.630670260,0
8.646264760,1
8.647342210,0
8.662916020,1
8.664152710,0
8.679559180,1
8.680717770,0
8.696223140,1
8.697448850,0
8.712922130,1
8.714065050,0
8.729568960,1
8.730782740,0
8.746217980,1
8.747425220,0
8.762872180,1
8.764060640,0
8.779561130,1
8.780684600,0
8.796218640,1
8.797377000,0
8.812831440,1
8.813989590,0
8.829543930,1
8.830728190,0
8.846213420,1
8.847458310,0
8.862863000,1
8.864083750,0
8.879516760,1
8.880710660,0
8.896188340,1
8.897285180,0
8.912845900,1
8.913972740,0
8.929516380,1
8.930591350,0
8.946177970,1
8.947406060,0
8.962834010,1
8.964006280,0
8.979514040,1
8.980634680,0
8.996159850,1
8.997311160,0
9.012834120,1
9.014141890,0
9.029503580,1
9.030787400,0
9.046162640,1
9.047368340,0
9.062828270,1
9.064047900,0
9.079472250,1
9.080711260,0
9.096133000,1
9.097435520,0
9.112823910,1
9.114045760,0
9.129465990,1
9.130764550,0
9.146118650,1
9.147230060,0
9.162786540,1
9.163966320,0
9.179465540,1
9.180552460,0
9.196107100,1
9.197442810,0
9.212783520,1
9.213953930,0
9.229439090,1
9.230708580,0
9.246089830,1
9.247351460,0
9.262771120,1
9.264107400,0
9.279436540,1
9.280715030,0
9.296099820,1
9.297299180,0
9.312777830,1
9.413456070,0
9.429392750,1
9.430584600,0
9.446057410,1
9.447319280,0
9.462703520,1
9.464024550,0
9.479354680,1
9.480788310,0
9.496049130,1
9.497205890,0
9.512750690,1
9.513914270,0
9.529375910,1
9.530610940,0
9.546031440,1
9.547286770,0
9.562687940,1
9.563874940,0
9.579335410,1
9.580514070,0
9.595994290,1
9.597298940,0
9.612661980,1
9.613849890,0
9.629354420,1
9.630558650,0
9.646009380,1
9.647396830,0
9.662685170,1
9.663822340,0
9.679335890,1
9.680534770,0
9.695967170,1
9.697216080,0
9.712674420,1
9.713892880,0
9.729325020,1
9.730628450,0
9.746130140,1
9.747133870,0
9.762638540,1
9.763879720,0
9.779324930,1
9.780534440,0
9.795966690,1
9.797306240,0
9.812620260,1
9.813773330,0
9.829296320,1
9.830572460,0
9.845954740,1
9.847188970,0
9.862641550,1
9.863843030,0
9.879289120,1
9.880422140,0
9.895925860,1
9.897135700,0
9.912608520,1
9.913757070,0
9.929273630,1
9.930386150,0
9.945938720,1
9.947158640,0
9.962599630,1
9.963713160,0
9.979264470,1
9.980535880,0
9.995910600,1
9.997144770,0
10.012590800,1
10.013740820,0
10.029240460,1
10.030415630,0
10.045895420,1
10.046960230,0
10.062580290,1
10.063913030,0
10.079246330,1
10.080460350,0
10.095881760,1
10.097215610,0
10.112543760,1
10.113694760,0
10.129203600,1
10.130312680,0
10.145879530,1
10.147061850,0
10.162524900,1
10.163739020,0
10.179197100,1
10.180405590,0
10.195867110,1
10.197062810,0
10.212509650,1
10.214220890,0
10.229181710,1
10.230379600,0
10.245840120,1
10.247068410,0
10.262525020,1
10.263771170,0
10.279199090,1
10.280429690,0
10.295816790,1
10.297147290,0
10.312464630,1
10.413446720,0
10.429077810,1
10.430987730,0
10.445800840,1
10.447077210,0
10.462421930,1
10.463685410,0
10.479103040,1
10.480191860,0
10.495742230,1
10.496915940,0
10.512566100,1
10.513578510,0
10.529108330,1
10.530308630,0
10.545745480,1
10.546963000,0
10.562399370,1
10.563564970,0
10.579052750,1
10.580280680,0
10.595740100,1
10.596952530,0
10.612424820,1
10.613591030,0
10.629033020,1
10.630125190,0
10.645716440,1
10.646977900,0
10.662369840,1
10.663639730,0
10.679030590,1
10.680286440,0
10.695702840,1
10.697075180,0
10.712387260,1
10.713650630,0
10.729009720,1
10.730414280,0
10.745672930,1
10.746922640,0
10.762355710,1
10.763552120,0
10.778984940,1
10.780315810,0
10.795681660,1
10.796892370,0
10.812308560,1
10.813476430,0
10.828989720,1
10.830309220,0
10.845668040,1
10.846746860,0
10.862317880,1
10.863602330,0
10.878993490,1
10.880157090,0
10.895620870,1
10.896963170,0
10.912287900,1
10.913428710,0
10.928942820,1
10.930213310,0
10.945618140,1
10.946955440,0
10.962289620,1
10.963442690,0
10.978941910,1
10.980134970,0
10.995610530,1
10.996764280,0
11.012249490,1
11.013335450,0
11.028916940,1
11.030212480,0
11.045601600,1
11.046700000,0
11.062254550,1
11.063580890,0
11.078918700,1
11.080097560,0
11.095576210,1
11.096794460,0
11.112233030,1
11.113478920,0
11.128903560,1
11.130058670,0
11.145546180,1
11.146713690,0
11.162199110,1
11.163448190,0
11.178861230,1
11.180160840,0
11.195548300,1
11.196715710,0
11.212232090,1
11.213387030,0
11.228850960,1
11.230252100,0
11.245527410,1
11.246688790,0
11.262203430,1
11.263389740,0
11.278841350,1
11.280170220,0
11.295588460,1
11.296574090,0
11.312172820,1
11.313379430,0
11.313437280,1
11.413437350,0
11.428817990,1
11.429959640,0
11.445496850,1
11.446677020,0
11.462146680,1
11.463320490,0
11.478812360,1
11.479997070,0
11.495486650,1
11.496557080,0
11.512125450,1
11.513408660,0
11.528783970,1
11.530035120,0
11.545439340,1
11.546710670,0
11.562078800,1
11.563332550,0
11.578770470,1
11.580159610,0
11.595463950,1
11.596886200,0
11.612229660,1
11.613269740,0
11.628754770,1
11.630427060,0
11.645528260,1
11.646660270,0
11.662175370,1
11.663737870,0
11.678896590,1
11.680511680,0
11.695418390,1
11.696552510,0
11.712066290,1
11.713898060,0
11.728742510,1
11.729931610,0
11.745408220,1
11.746687210,0
11.762041370,1
11.763213650,0
11.778700170,1
11.780091660,0
11.795374810,1
11.796646940,0
11.812047540,1
11.813285630,0
11.828700140,1
11.829905010,0
11.845371030,1
11.846576910,0
11.862005350,1
11.863284840,0
11.878689610,1
11.879793980,0
11.895336380,1
11.896621930,0
11.912011850,1
11.913304690,0
11.928696320,1
11.929930490,0
11.945335050,1
11.946523240,0
11.961988390,1
11.963195720,0
11.978628800,1
11.979872930,0
11.995299260,1
11.996502720,0
12.011957950,1
12.013073990,0
12.028647700,1
12.029838550,0
12.045314560,1
12.046464510,0
12.061956330,1
12.063296020,0
12.078639420,1
12.079683610,0
12.095290570,1
12.096442030,0
12.111978310,1
12.113236740,0
12.128625770,1
12.129879140,0
12.145286790,1
12.146672390,0
12.161889660,1
12.163125690,0
12.178628000,1
12.179827030,0
12.195257490,1
12.196456690,0
12.211937190,1
12.213112150,0
12.228583500,1
12.229952980,0
12.245270860,1
12.246408640,0
12.261929440,1
12.263100170,0
12.278538270,1
12.279725770,0
12.295235270,1
12.296409180,0
12.311910390,1
12.312989760,0
12.313428920,1
12.413427990,0
12.428524060,1
12.429808270,0
12.445179630,1
12.446413500,0
12.461855930,1
12.463005220,0
12.478508080,1
12.479734340,0
12.495179700,1
12.496310420,0
12.511809580,1
12.512906830,0
12.528492500,1
12.529707950,0
12.545128990,1
12.546342340,0
12.561813390,1
12.563069040,0
12.578457250,1
12.579778280,0
12.595121340,1
12.596269890,0
12.611817780,1
12.613118250,0
12.628461270,1
12.629569570,0
12.645107630,1
12.646349280,0
12.661763240,1
12.663020660,0
12.678454340,1
12.679587990,0
12.695081520,1
12.696284710,0
12.711736690,1
12.712885880,0
12.728422850,1
12.729630990,0
12.745062840,1
12.746317330,0
12.761732020,1
12.762971260,0
12.778375870,1
12.779597050,0
12.795044610,1
12.796205770,0
12.811741190,1
12.812961600,0
12.828345860,1
12.829640980,0
12.845012940,1
12.846274610,0
12.861669050,1
12.862919870,0
12.878358910,1
12.879428880,0
12.895006040,1
12.896206320,0
12.911706820,1
12.912935700,0
12.928448140,1
12.929715340,0
12.944993920,1
12.946244170,0
12.961658210,1
12.963047330,0
12.978329490,1
12.979421020,0
12.994971160,1
12.996322120,0
13.011642520,1
13.012909680,0
13.028312840,1
13.029451530,0
13.044949310,1
13.046131650,0
13.061644900,1
13.062903720,0
13.078288620,1
13.079525190,0
13.094935340,1
13.096188650,0
13.111565240,1
13.112944090,0
13.128259760,1
13.129412010,0
13.144915260,1
13.146187120,0
13.161591370,1
13.162745690,0
13.178230220,1
13.179567780,0
13.194896980,1
13.196160450,0
13.211593870,1
13.212789250,0
13.228228020,1
13.229486410,0
13.244876800,1
13.246062200,0
13.261560580,1
13.262851650,0
13.278199590,1
13.279441750,0
13.294840690,1
13.296122460,0
13.311527590,1
13.312709700,0
13.313419560,1
13.413418620,0
13.428152520,1
13.429393500,0
13.444814250,1
13.446074960,0
13.461492970,1
13.462677700,0
13.478135290,1
13.479302900,0
13.494789700,1
13.496058020,0
13.511490980,1
13.512553580,0
13.528136700,1
13.529204190,0
13.544787250,1
13.545867870,0
13.561448580,1
13.562539210,0
13.578094920,1
13.579308730,0
13.594742220,1
13.596016390,0
13.611462940,1
13.612574770,0
13.628089110,1
13.629313430,0
13.644719150,1
13.645992540,0
13.661426660,1
13.662665810,0
13.678052980,1
13.679250990,0
13.694749240,1
13.696089140,0
13.711408480,1
13.712838830,0
13.728055920,1
13.729264540,0
13.744706060,1
13.745943950,0
13.761361760,1
13.762447560,0
13.778016140,1
13.779243910,0
13.794721570,1
13.795951400,0
13.811369380,1
13.812428190,0
13.828003780,1
13.829157920,0
13.844655420,1
13.846008250,0
13.861330460,1
13.862603650,0
13.878016330,1
13.879355600,0
13.894668630,1
13.895909430,0
13.911347930,1
13.912672170,0
13.927992120,1
13.929068760,0
13.944667840,1
13.945697670,0
13.961318590,1
13.962616760,0
13.977970770,1
13.979120300,0
13.994662180,1
13.995872130,0
14.011308080,1
14.012585170,0
14.027934650,1
14.029151750,0
14.044574290,1
14.045756410,0
14.061300490,1
14.062483340,0
14.077941480,1
14.079171540,0
14.094600860,1
14.095839030,0
14.111253140,1
14.112505870,0
14.127922530,1
14.129122960,0
14.144581150,1
14.145789320,0
14.161262090,1
14.162604080,0
14.177893640,1
14.179125990,0
14.194561140,1
14.195823080,0
14.211258110,1
14.212479690,0
14.227888130,1
14.229061890,0
14.244551380,1
14.245863670,0
14.261222540,1
14.262602730,0
14.277883120,1
14.279174080,0
14.294544910,1
14.295741260,0
14.311230630,1
14.312438270,0
14.313410190,1
14.413409250,0
14.427834490,1
14.429125880,0
14.444493880,1
14.445777180,0
14.461167930,1
14.462518140,0
14.477802200,1
14.479046060,0
14.494440600,1
14.495674500,0
14.511133540,1
14.512426510,0
14.527809930,1
14.528963500,0
14.544463630,1
14.545705750,0
14.561119680,1
14.562306370,0
14.577780960,1
14.578932680,0
14.594449090,1
14.595670770,0
14.611105640,1
14.612293610,0
14.627766990,1
14.628959810,0
14.644386340,1
14.645634640,0
14.661077080,1
14.662285560,0
14.677735360,1
14.678881950,0
14.694396700,1
14.695599620,0
14.711072330,1
14.712379900,0
14.727706760,1
14.728981000,0
14.744478940,1
14.745612400,0
14.761031660,1
14.762115210,0
14.777707450,1
14.778845540,0
14.794377130,1
14.795442220,0
14.811048350,1
14.812333240,0
14.827679110,1
14.828831960,0
14.844334270,1
14.845588600,0
14.860992040,1
14.862255550,0
14.877681020,1
14.878881480,0
14.894326500,1
14.895547550,0
14.911080880,1
14.912128830,0
14.927660230,1
14.928758610,0
14.944309430,1
14.945488480,0
14.960952370,1
14.962151190,0
14.977642080,1
14.978835020,0
14.994274880,1
14.995452990,0
15.010937280,1
15.012162690,0
15.027610110,1
15.028763450,0
15.044271810,1
15.045493620,0
15.060874960,1
15.062104780,0
15.077601400,1
15.078810220,0
15.094246540,1
15.095529510,0
15.110913260,1
15.112140430,0
15.127574620,1
15.128641690,0
15.144234480,1
15.145300270,0
15.160908440,1
15.162195110,0
15.177547620,1
15.178849750,0
15.194219670,1
15.195517640,0
15.210867130,1
15.212028640,0
15.227528900,1
15.228746260,0
15.244181360,1
15.245350980,0
15.260952320,1
15.262241570,0
15.277508810,1
15.278654150,0
15.294174590,1
15.295544900,0
15.310860250,1
15.312018900,0
15.313400820,1
15.413399880,0
15.427613460,1
15.428651310,0
15.444128520,1
15.445277530,0
15.460766920,1
15.462170960,0
15.477430340,1
15.478608450,0
15.494091820,1
15.495214580,0
15.510764530,1
15.512057590,0
15.527415370,1
15.528633630,0
15.544054690,1
15.546083160,0
15.560760290,1
15.561866140,0
15.577414890,1
15.578545290,0
15.594076990,1
15.595276190,0
15.610740630,1
15.611968790,0
15.627395930,1
15.628609260,0
15.644064000,1
15.645287080,0
15.660706990,1
15.661913880,0
15.677360180,1
15.678448300,0
15.694018250,1
15.695296680,0
15.710734290,1
15.711849320,0
15.727353780,1
15.728558330,0
15.744004880,1
15.745222300,0
15.760693350,1
15.761995440,0
15.777351670,1
15.778479950,0
15.793986230,1
15.795167520,0
15.810641700,1
15.811928440,0
15.827309040,1
15.828662820,0
15.843973810,1
15.845204850,0
15.860636410,1
15.861786420,0
15.877296650,1
15.878474620,0
15.893971120,1
15.895158970,0
15.910631420,1
15.911821930,0
15.927295970,1
15.928532710,0
15.943942470,1
15.945117100,0
15.960624310,1
15.961746320,0
15.977284550,1
15.978498010,0
15.993947630,1
15.995148350,0
16.010592130,1
16.011715800,0
16.027255270,1
16.028622470,0
16.043901300,1
16.045160630,0
16.060585600,1
16.061895630,0
16.077247340,1
16.078407860,0
16.093883610,1
16.095121900,0
16.110589110,1
16.111626520,0
16.127225240,1
16.128373860,0
16.143891340,1
16.145208810,0
16.160542260,1
16.161867470,0
16.177185470,1
16.178291930,0
16.193876410,1
16.195081660,0
16.210547550,1
16.211798660,0
16.227202700,1
16.228479530,0
16.243835390,1
16.245034650,0
16.260501420,1
16.261735490,0
16.277151880,1
16.278340270,0
16.293827620,1
16.295007520,0
16.310529800,1
16.311676370,0
16.313391440,1
16.413390510,0
16.427092370,1
16.428366600,0
16.443761500,1
16.444950400,0
16.460450860,1
16.461622050,0
16.477097640,1
16.478252670,0
16.493751740,1
16.494911350,0
16.510452670,1
16.511574590,0
16.527090610,1
16.528300440,0
16.543710310,1
16.544935240,0
16.560401380,1
16.561564210,0
16.577067730,1
16.578253610,0
16.593755960,1
16.595038100,0
16.610405020,1
16.611549440,0
16.627034680,1
16.628254500,0
16.643722880,1
16.645055830,0
16.660363510,1
16.661506080,0
16.677030000,1
16.678361300,0
16.693680630,1
16.694769480,0
16.710345260,1
16.711661520,0
16.727007460,1
16.728233060,0
16.743684090,1
16.744983390,0
16.760318730,1
16.761655740,0
16.776965680,1
16.778159700,0
16.793662200,1
16.794916130,0
16.810317600,1
16.811541990,0
16.826984750,1
16.828319040,0
16.843624830,1
16.844900700,0
16.860294180,1
16.861554230,0
16.876959660,1
16.878146220,0
16.893617340,1
16.894775810,0
16.910305660,1
16.911426600,0
16.926920550,1
16.928095220,0
16.943596070,1
16.944759130,0
16.960259820,1
16.961500150,0
16.976898170,1
16.978225150,0
16.993574080,1
16.994660870,0
17.010264530,1
17.011431300,0
17.026895500,1
17.028132740,0
17.043542220,1
17.044810110,0
17.060212080,1
17.061496640,0
17.076880430,1
17.078167250,0
17.093514980,1
17.094746660,0
17.110219880,1
17.111469510,0
17.126853940,1
17.128118030,0
17.143563200,1
17.144733870,0
17.160169510,1
17.161247920,0
17.176826280,1
17.178138260,0
17.193494560,1
17.194597690,0
17.210182300,1
17.211376090,0
17.226797440,1
17.228017920,0
17.243507300,1
17.244777980,0
17.260157930,1
17.261295010,0
17.276797920,1
17.278072130,0
17.293472340,1
17.294623150,0
17.310167170,1
17.311396800,0
17.313382060,1
17.413381140,0
17.426759270,1
17.428192200,0
17.443412080,1
17.444695410,0
17.460067420,1
17.461350410,0
17.476738650,1
17.477989520,0
17.493399930,1
17.494648620,0
17.510056680,1
17.511197030,0
17.526739600,1
17.527893910,0
17.543393560,1
17.544543650,0
17.560030290,1
17.561308490,0
17.576688080,1
17.577976540,0
17.593377080,1
17.594527000,0
17.610019100,1
17.611245310,0
17.626688610,1
17.627997390,0
17.643367300,1
17.644576000,0
17.660034530,1
17.661281330,0
17.676772740,1
17.677936640,0
17.693401370,1
17.694432930,0
17.709991890,1
17.711192850,0
17.726684710,1
17.727890940,0
17.743329200,1
17.744502460,0
17.759991820,1
17.761175280,0
17.776638840,1
17.777804710,0
17.793346410,1
17.794380460,0
17.809995410,1
17.811182140,0
17.826643870,1
17.827899700,0
17.843280310,1
17.844504660,0
17.859954240,1
17.861260010,0
17.876741660,1
17.878053410,0
17.893278470,1
17.894511910,0
17.909938070,1
17.911238060,0
17.926568850,1
17.927767700,0
17.943231980,1
17.944476900,0
17.959943120,1
17.961020660,0
17.976570650,1
17.977801860,0
17.993238030,1
17.994534440,0
18.009893240,1
18.011111550,0
18.026550090,1
18.027811390,0
18.043241970,1
18.044412340,0
18.059889700,1
18.061134640,0
18.076557620,1
18.077840360,0
18.093211180,1
18.094332300,0
18.109871360,1
18.111024630,0
18.126527990,1
18.127712440,0
18.143206090,1
18.144321690,0
18.159863440,1
18.161122360,0
18.176520490,1
18.177761540,0
18.193167340,1
18.194395490,0
18.209850390,1
18.211147050,0
18.226525070,1
18.227714590,0
18.243159720,1
18.244387580,0
18.259813030,1
18.260962600,0
18.276471410,1
18.277707690,0
18.293144350,1
18.294297250,0
18.309799850,1
18.311128540,0
18.313372690,1
18.413371760,0
18.426445950,1
18.427639060,0
18.443091110,1
18.444373710,0
18.459733760,1
18.460920080,0
18.476392800,1
18.477676040,0
18.493064440,1
18.494280690,0
18.509763320,1
18.510877330,0
18.526395120,1
18.527627600,0
18.543043180,1
18.544294860,0
18.559744050,1
18.560942660,0
18.576391800,1
18.577579660,0
18.593051200,1
18.594259670,0
18.609731140,1
18.610787410,0
18.626342690,1
18.627574700,0
18.643029920,1
18.644256940,0
18.659701680,1
18.660785250,0
18.676356340,1
18.677564330,0
18.693027720,1
18.694264780,0
18.709685290,1
18.710939980,0
18.726339110,1
18.727724580,0
18.743097800,1
18.744200330,0
18.759634270,1
18.760830120,0
18.776330310,1
18.777514690,0
18.792976690,1
18.794181970,0
18.809650960,1
18.810761960,0
18.826338160,1
18.827397790,0
18.842984760,1
18.844265680,0
18.859638170,1
18.860815840,0
18.876268150,1
18.877516630,0
18.892947280,1
18.894133160,0
18.909633780,1
18.910642890,0
18.910745920,1
18.910910630,0
18.926267660,1
18.927469220,0
18.942965850,1
18.944144980,0
18.959599890,1
18.960800360,0
18.976272010,1
18.977480480,0
18.992925780,1
18.994133210,0
19.009619480,1
19.010828680,0
19.026251330,1
19.027337690,0
19.042924700,1
19.044139710,0
19.059572820,1
19.060756260,0
19.076235060,1
19.077491240,0
19.092899640,1
19.094121170,0
19.109601370,1
19.110903670,0
19.126230450,1
19.127389540,0
19.142879130,1
19.144061500,0
19.159511040,1
19.160775350,0
19.176192970,1
19.177405260,0
19.192984600,1
19.194014480,0
19.209590190,1
19.210883010,0
19.226175620,1
19.227346700,0
19.242838900,1
19.243991670,0
19.259501000,1
19.260601170,0
19.276188870,1
19.277364190,0
19.292832170,1
19.294115940,0
19.309505700,1
19.310673650,0
19.313363320,1
19.413362390,0
19.426126510,1
19.427371300,0
19.442805630,1
19.444019170,0
19.459500390,1
19.460678830,0
19.476121560,1
19.477271490,0
19.492787880,1
19.493970140,0
19.509427940,1
19.510644850,0
19.526090250,1
19.527317620,0
19.542750450,1
19.543997370,0
19.559425960,1
19.560495290,0
19.576078320,1
19.577202100,0
19.592742130,1
19.593794190,0
19.609421570,1
19.610570220,0
19.626049580,1
19.627283680,0
19.642716980,1
19.643880870,0
19.659358310,1
19.660599030,0
19.676057790,1
19.677408570,0
19.692738090,1
19.693931800,0
19.709385530,1
19.710607300,0
19.726027060,1
19.727179060,0
19.742708840,1
19.743908890,0
19.759360770,1
19.760530740,0
19.775999130,1
19.777189940,0
19.792673360,1
19.793756550,0
19.809340500,1
19.810499790,0
19.826002140,1
19.827231880,0
19.842657950,1
19.843874040,0
19.859351170,1
19.860561500,0
19.876000370,1
19.877310200,0
19.892652300,1
19.893965460,0
19.909316560,1
19.910675370,0
19.925974350,1
19.927163640,0
19.942623940,1
19.943906500,0
19.959279060,1
19.960389970,0
19.975942620,1
19.977116290,0
19.992639120,1
19.993740250,0
20.009261850,1
20.010481570,0
20.025923150,1
20.027106560,0
20.042576260,1
20.043815920,0
20.059257400,1
20.060507790,0
20.075940210,1
20.077195800,0
20.092733620,1
20.094126680,0
20.109229710,1
20.110468810,0
20.125881490,1
20.127090280,0
20.142574080,1
20.143967540,0
20.159218680,1
20.160317390,0
20.175870300,1
20.177091490,0
20.192533580,1
20.193717540,0
20.209208280,1
20.210413980,0
20.225880940,1
20.226998290,0
20.242475660,1
20.243749900,0
20.259183950,1
20.260263260,0
20.275856530,1
20.277044000,0
20.292502190,1
20.293685980,0
20.309177290,1
20.310242640,0
20.313353950,1
20.413353020,0
20.425806130,1
20.426969000,0
20.442436630,1
20.443770120,0
20.459126900,1
20.460292240,0
20.475771950,1
20.477044690,0
20.492453680,1
20.493624050,0
20.509122600,1
20.510368100,0
20.525752580,1
20.526986140,0
20.542572000,1
20.543566740,0
20.559094200,1
20.560406330,0
20.575749780,1
20.577090970,0
20.592400250,1
20.593742270,0
20.609089530,1
20.610335940,0
20.625733110,1
20.626971250,0
20.642397700,1
20.643579450,0
20.659070360,1
20.660227470,0
20.675709510,1
20.676962740,0
20.692360950,1
20.693542160,0
20.709029260,1
20.710249920,0
20.725690380,1
20.726927230,0
20.742354890,1
20.743626530,0
20.759025600,1
20.760205520,0
20.775674630,1
20.777007520,0
20.792349840,1
20.793487050,0
20.809008940,1
20.810280790,0
20.825664260,1
20.826813980,0
20.842334430,1
20.843414520,0
20.858979760,1
20.860316790,0
20.875650320,1
20.876980180,0
20.892312600,1
20.893488450,0
20.908994530,1
20.910125390,0
20.925624770,1
20.926803760,0
20.942308730,1
20.943533300,0
20.958979630,1
20.960209720,0
20.975611560,1
20.976806430,0
20.992319040,1
20.993478690,0
21.008972250,1
21.010176410,0
21.025622970,1
21.026786980,0
21.042242040,1
21.043600030,0
21.058955660,1
21.060194070,0
21.075618940,1
21.076827680,0
21.092270630,1
21.093458210,0
21.109015140,1
21.110088960,0
21.125574310,1
21.126820080,0
21.142217000,1
21.143324390,0
21.158879460,1
21.160184530,0
21.175580630,1
21.176815050,0
21.192214750,1
21.193415840,0
21.208879020,1
21.210042140,0
21.225571800,1
21.226717970,0
21.242218540,1
21.243434820,0
21.258855090,1
21.260149900,0
21.275529450,1
21.276750440,0
21.292202870,1
21.293466370,0
21.308877100,1
21.310138460,0
21.313344570,1
21.413343650,0
21.425473450,1
21.426580260,0
21.442153700,1
21.443390360,0
21.458779360,1
21.460092930,0
21.475488700,1
21.476631890,0
21.492119410,1
21.493325610,0
21.508813870,1
21.510084380,0
21.525481350,1
21.526677770,0
21.542154250,1
21.543328070,0
21.558787240,1
21.559992150,0
21.575428570,1
21.576698890,0
21.592109930,1
21.593456920,0
21.608778160,1
21.610104360,0
21.625441730,1
21.626655030,0
21.642094640,1
21.643432310,0
21.658739800,1
21.660066930,0
21.675416210,1
21.676702600,0
21.692072370,1
21.693307250,0
21.708736420,1
21.709911220,0
21.725512900,1
21.726595350,0
21.742051430,1
21.743417810,0
21.758726190,1
21.760394900,0
21.775361470,1
21.776589570,0
21.792195980,1
21.793863190,0
21.808687660,1
21.809995370,0
21.825367270,1
21.826626690,0
21.842177810,1
21.843196240,0
21.858823290,1
21.860412910,0
21.875357030,1
21.877041500,0
21.892031290,1
21.893219000,0
21.908705670,1
21.909961550,0
21.925367140,1
21.926578150,0
21.942009630,1
21.943141740,0
21.958671540,1
21.960011280,0
21.975351180,1
21.976501550,0
21.991981760,1
21.993231770,0
22.008654160,1
22.009878310,0
22.025331820,1
22.026486090,0
22.041977870,1
22.043196980,0
22.058613080,1
22.059778370,0
22.075305240,1
22.076480790,0
22.091948230,1
22.093140520,0
22.108624490,1
22.110121700,0
22.125287300,1
22.126612120,0
22.141975420,1
22.143250460,0
22.158608240,1
22.159835830,0
22.175309570,1
22.176431640,0
22.191943990,1
22.193244260,0
22.208612530,1
22.209835360,0
22.225266560,1
22.226481390,0
22.241933900,1
22.242992430,0
22.258584290,1
22.259878130,0
22.275251990,1
22.276428400,0
22.291891710,1
22.293084020,0
22.308582450,1
22.309889700,0
22.313335200,1
22.413334260,0
22.425211770,1
22.426438440,0
22.441846210,1
22.443098140,0
22.458517000,1
22.459724720,0
22.475195220,1
22.476237870,0
22.491817320,1
22.493082290,0
22.508544280,1
22.509823950,0
22.525177370,1
22.526324200,0
22.541832900,1
22.543012330,0
22.558492440,1
22.559710260,0
22.575169030,1
22.576349170,0
22.591816560,1
22.593134940,0
22.608488950,1
22.609774240,0
22.625139860,1
22.626346490,0
22.641805900,1
22.643151030,0
22.658465060,1
22.659852320,0
22.675118570,1
22.676314660,0
22.691802030,1
22.692936310,0
22.708471210,1
22.709608400,0
22.725126100,1
22.726410630,0
22.741759590,1
22.743083330,0
22.758400320,1
22.759671080,0
22.775076270,1
22.776354680,0
22.791755200,1
22.793068270,0
22.808518570,1
22.810110500,0
22.825085980,1
22.826291490,0
22.841850950,1
22.842949640,0
22.858384630,1
22.859638020,0
22.875054990,1
22.876477000,0
22.891716620,1
22.892903130,0
22.908407460,1
22.909552430,0
22.925044850,1
22.926219260,0
22.941695570,1
22.942991540,0
22.958371810,1
22.959604620,0
22.975038980,1
22.976206710,0
22.991688000,1
22.992990890,0
23.008357750,1
23.009611840,0
23.025025830,1
23.026311880,0
23.041682550,1
23.042985600,0
23.058311020,1
23.059555920,0
23.074981000,1
23.076222590,0
23.091653640,1
23.092749270,0
23.108338810,1
23.109541840,0
23.124956280,1
23.126151180,0
23.141651320,1
23.142864360,0
23.158444940,1
23.159476850,0
23.174963130,1
23.176224890,0
23.191592170,1
23.192850620,0
23.208324940,1
23.209706430,0
23.224938470,1
23.226130850,0
23.241594600,1
23.242861000,0
23.258265860,1
23.259578570,0
23.274927770,1
23.276178840,0
23.291595830,1
23.292837820,0
23.308249540,1
23.309426370,0
23.313325830,1
23.413324890,0
23.425013750,1
23.426660160,0
23.441532390,1
23.442841120,0
23.458289310,1
23.460023910,0
23.474929500,1
23.476640040,0
23.491520900,1
23.493340250,0
23.508351240,1
23.510011990,0
23.524956700,1
23.526101500,0
23.541548060,1
23.542702730,0
23.558174800,1
23.559340990,0
23.574946620,1
23.575978410,0
23.591478790,1
23.592771250,0
23.608188920,1
23.609433940,0
23.624768670,1
23.626176140,0
23.641468500,1
23.642718720,0
23.658147060,1
23.659394110,0
23.674781570,1
23.675990590,0
23.691470420,1
23.692658440,0
23.708113900,1
23.709266920,0
23.724764120,1
23.725947290,0
23.741442580,1
23.742743240,0
23.758117030,1
23.759310370,0
23.774784300,1
23.775935370,0
23.791436260,1
23.792644870,0
23.808082300,1
23.809291360,0
23.824735950,1
23.825912520,0
23.841400470,1
23.842558360,0
23.858055610,1
23.859365250,0
23.874722090,1
23.875935060,0
23.891381920,1
23.892642580,0
23.908055190,1
23.909236910,0
23.924716680,1
23.925975880,0
23.941380110,1
23.942598350,0
23.958015610,1
23.959261480,0
23.974671700,1
23.975933530,0
23.991356100,1
23.992534270,0
24.008065230,1
24.009218360,0
24.024684690,1
24.025941390,0
24.041343870,1
24.042545330,0
24.058017670,1
24.059221350,0
24.074666410,1
24.075846590,0
24.091319220,1
24.092563910,0
24.108018210,1
24.109214680,0
24.124628170,1
24.125870530,0
24.141255940,1
24.142482500,0
24.157951200,1
24.159182290,0
24.174619290,1
24.175842780,0
24.191312170,1
24.192566710,0
24.207970630,1
24.209125040,0
24.224608830,1
24.225939290,0
24.241289930,1
24.242669990,0
24.257908880,1
24.259187990,0
24.274589370,1
24.275848560,0
24.291263930,1
24.292460100,0
24.307926360,1
24.309114360,0
24.313316470,1
24.413315520,0
24.424563430,1
24.425837670,0
24.441205710,1
24.442412850,0
24.457877200,1
24.459083110,0
24.474519740,1
24.475659880,0
24.491189680,1
24.492411330,0
24.507874120,1
24.509083270,0
24.524497620,1
24.525717480,0
24.541187790,1
24.542493900,0
24.557820060,1
24.559049640,0
24.574520750,1
24.575808800,0
24.591152170,1
24.592441510,0
24.607792470,1
24.609158070,0
24.624504410,1
24.625688340,0
24.641143320,1
24.642334580,0
24.657798690,1
24.659018460,0
24.674474260,1
24.675752610,0
24.691128960,1
24.692436370,0
24.707771240,1
24.709015940,0
24.724458970,1
24.725599520,0
24.741099760,1
24.742292730,0
24.757779530,1
24.759080650,0
24.774515710,1
24.775605020,0
24.791073610,1
24.792353380,0
24.807792510,1
24.809054440,0
24.824461220,1
24.825595700,0
24.841080480,1
24.842334310,0
24.857726630,1
24.858955650,0
24.874432250,1
24.875726840,0
24.891058090,1
24.892286290,0
24.907738220,1
24.908970590,0
24.924472330,1
24.925604710,0
24.941054110,1
24.942242650,0
24.957698830,1
24.958906960,0
24.974385270,1
24.975523920,0
24.991041700,1
24.992241570,0
25.007703980,1
25.008825090,0
25.024385830,1
25.025475870,0
25.041020070,1
25.042151920,0
25.057691700,1
25.058940820,0
25.074363340,1
25.075454520,0
25.091009620,1
25.092163650,0
25.107662030,1
25.108888640,0
25.124355450,1
25.125518110,0
25.140963910,1
25.142256440,0
25.157673380,1
25.158978360,0
25.174327680,1
25.175460940,0
25.190972920,1
25.192262040,0
25.207665790,1
25.208837230,0
25.224307680,1
25.225441760,0
25.241007700,1
25.242175340,0
25.257589770,1
25.258838900,0
25.274276970,1
25.275439490,0
25.290976220,1
25.292068840,0
25.307647610,1
25.308828100,0
25.313307080,1
25.413306160,0
25.424208640,1
25.425500230,0
25.440888120,1
25.442186450,0
25.457578060,1
25.458793390,0
25.474208700,1
25.475484940,0
25.490874880,1
25.492147050,0
25.507546600,1
25.508868790,0
25.524185190,1
25.525406310,0
25.540828680,1
25.542046040,0
25.557529280,1
25.558765820,0
25.574171000,1
25.575420610,0
25.590832930,1
25.592040690,0
25.607525970,1
25.608728950,0
25.624146040,1
25.625447120,0
25.640800470,1
25.642073820,0
25.657484640,1
25.658754650,0
25.674126610,1
25.675342190,0
25.690769850,1
25.692000580,0
25.707476580,1
25.708659560,0
25.724124980,1
25.725260910,0
25.740792800,1
25.741988970,0
25.757444680,1
25.758640770,0
25.774094060,1
25.775407020,0
25.790764950,1
25.791942310,0
25.807450740,1
25.808573600,0
25.824094600,1
25.825333750,0
25.840738950,1
25.841975770,0
25.857395250,1
25.858571550,0
25.874077210,1
25.875513520,0
25.890699550,1
25.891976340,0
25.907400320,1
25.908701890,0
25.924068260,1
25.925272950,0
25.940703410,1
25.941952500,0
25.957401410,1
25.958649590,0
25.974037570,1
25.975254360,0
25.990697260,1
25.991979860,0
26.007348520,1
26.008561470,0
26.024018930,1
26.025240090,0
26.040690450,1
26.041992570,0
26.057331380,1
26.058560710,0
26.074002040,1
26.075319890,0
26.090662140,1
26.091920040,0
26.107352690,1
26.108593810,0
26.123961710,1
26.125206230,0
26.140668850,1
26.141861970,0
26.157308350,1
26.158450410,0
26.173951820,1
26.175252790,0
26.190603830,1
26.191920870,0
26.207279650,1
26.208434660,0
26.223925930,1
26.225862600,0
26.240618560,1
26.241824280,0
26.257247260,1
26.258455110,0
26.273922520,1
26.275182510,0
26.290585420,1
26.291824290,0
26.307291530,1
26.308613290,0
26.313297720,1
26.413296790,0
26.423891020,1
26.425074330,0
26.440550760,1
26.441703810,0
26.457220210,1
26.458452240,0
26.473842370,1
26.475068460,0
26.490543270,1
26.491699510,0
26.507221880,1
26.508470700,0
26.523826880,1
26.525080170,0
26.540486260,1
26.541826780,0
26.557173010,1
26.558444710,0
26.573831890,1
26.575126170,0
26.590496660,1
26.591684470,0
26.607135960,1
26.608494700,0
26.623778020,1
26.624975070,0
26.640442720,1
26.641692990,0
26.657135040,1
26.658354800,0
26.673808200,1
26.674963640,0
26.690446580,1
26.691668470,0
26.707081730,1
26.708266020,0
26.723751750,1
26.724996950,0
26.740434530,1
26.741570530,0
26.757096280,1
26.758765940,0
26.773889570,1
26.775111220,0
26.790405900,1
26.791611440,0
26.807074770,1
26.808633870,0
26.823741580,1
26.825057470,0
26.840397220,1
26.841597370,0
26.857230720,1
26.858830280,0
26.873702600,1
26.875507630,0
26.890456360,1
26.891566120,0
26.907148180,1
26.908248540,0
26.923689220,1
26.924948830,0
26.940337850,1
26.941574380,0
26.957024570,1
26.958266470,0
26.973682210,1
26.974946080,0
26.990344980,1
26.991572110,0
27.007024660,1
27.008259570,0
27.023679560,1
27.024876550,0
27.040314410,1
27.041511160,0
27.056980090,1
27.058198110,0
27.073623190,1
27.074937240,0
27.090303290,1
27.091533250,0
27.106977910,1
27.108225490,0
27.123617020,1
27.124930580,0
27.140296530,1
27.141476830,0
27.156966370,1
27.158153820,0
27.173616880,1
27.174842350,0
27.190287380,1
27.191400970,0
27.206938870,1
27.208164350,0
27.223597610,1
27.224818470,0
27.240281610,1
27.241500030,0
27.256900140,1
27.258079110,0
27.273572400,1
27.274779030,0
27.290235670,1
27.291389860,0
27.306885870,1
27.308119450,0
27.313288350,1
27.413287420,0
27.423502710,1
27.424746150,0
27.440194730,1
27.441400430,0
27.456802090,1
27.458160070,0
27.473506450,1
27.474695220,0
27.490158110,1
27.491348340,0
27.506808740,1
27.508095520,0
27.523484530,1
27.524778390,0
27.540269000,1
27.541313270,0
27.556815430,1
27.558061140,0
27.573445120,1
27.574811380,0
27.590125010,1
27.591279010,0
27.606800640,1
27.608133430,0
27.623453480,1
27.624616440,0
27.640080530,1
27.641377280,0
27.656770790,1
27.657976480,0
27.673423940,1
27.674627030,0
27.690081410,1
27.691281870,0
27.706736890,1
27.707973920,0
27.723397230,1
27.724641600,0
27.740062880,1
27.741267720,0
27.756727960,1
27.757952350,0
27.773380380,1
27.774681380,0
27.790050870,1
27.791274860,0
27.806716290,1
27.807997210,0
27.823392380,1
27.824684860,0
27.840023080,1
27.841222390,0
27.856653650,1
27.857932050,0
27.873364870,1
27.874595660,0
27.890009830,1
27.891188860,0
27.906655240,1
27.907931300,0
27.923331180,1
27.924644040,0
27.940006400,1
27.941219530,0
27.956643010,1
27.957852840,0
27.973304170,1
27.974565720,0
27.989981510,1
27.991244470,0
28.006662110,1
28.007933960,0
28.023305820,1
28.024508860,0
28.039935630,1
28.041314730,0
28.056621540,1
28.057914500,0
28.073270260,1
28.074556880,0
28.089919980,1
28.091149310,0
28.106622120,1
28.107899530,0
28.123255230,1
28.124409910,0
28.139889050,1
28.141140760,0
28.156569460,1
28.157806820,0
28.173218410,1
28.174432790,0
28.189902870,1
28.191049750,0
28.206568080,1
28.207736880,0
28.223235000,1
28.224446680,0
28.239857970,1
28.241081980,0
28.256548630,1
28.257694440,0
28.273188080,1
28.274454330,0
28.289819610,1
28.291104820,0
28.306495870,1
28.307679830,0
28.313278990,1
28.413278040,0
28.423146700,1
28.424292640,0
28.439803380,1
28.441109280,0
28.456448030,1
28.457698930,0
28.473111080,1
28.474402530,0
28.489764780,1
28.490840380,0
28.506416000,1
28.507661720,0
28.523087000,1
28.524307870,0
28.539757500,1
28.540960210,0
28.556395670,1
28.557631890,0
28.573067330,1
28.574295450,0
28.589715350,1
28.590929420,0
28.606405140,1
28.607679110,0
28.623039910,1
28.624247130,0
28.639692450,1
28.641015040,0
28.656394370,1
28.657506300,0
28.673029200,1
28.674206720,0
28.689690180,1
28.690878630,0
28.706390290,1
28.707529940,0
28.722995010,1
28.724207230,0
28.739654470,1
28.740921760,0
28.756305750,1
28.757547150,0
28.772990060,1
28.774188950,0
28.789671490,1
28.790994370,0
28.806336170,1
28.807598420,0
28.822979010,1
28.824170970,0
28.839643620,1
28.840778600,0
28.856265370,1
28.857529200,0
28.872988900,1
28.874226090,0
28.889610570,1
28.890926660,0
28.906265530,1
28.907451830,0
28.922922080,1
28.924102640,0
28.939583660,1
28.940788430,0
28.956252770,1
28.957451510,0
28.972876910,1
28.974130150,0
28.989549960,1
28.990835140,0
29.006257670,1
29.007418890,0
29.022885260,1
29.024049090,0
29.039536800,1
29.040817410,0
29.056222090,1
29.057413710,0
29.072877330,1
29.074145180,0
29.089524760,1
29.090862420,0
29.106190520,1
29.107346770,0
29.122845730,1
29.124112930,0
29.139507330,1
29.140748440,0
29.156166700,1
29.157349900,0
29.172796540,1
29.174039020,0
29.189471920,1
29.190720670,0
29.206172870,1
29.207469710,0
29.222813240,1
29.223922520,0
29.239486080,1
29.240738040,0
29.256126260,1
29.257368290,0
29.272809880,1
29.274017530,0
29.289448980,1
29.290669710,0
29.306144970,1
29.307425130,0
29.313269610,1
29.413268680,0
29.422752680,1
29.423929010,0
29.439399820,1
29.440575270,0
29.456019940,1
29.457375770,0
29.472689900,1
29.473955700,0
29.489363050,1
29.490672620,0
29.506028560,1
29.507261170,0
29.522686420,1
29.523895070,0
29.539329670,1
29.540528170,0
29.556012160,1
29.557204300,0
29.572682910,1
29.573892740,0
29.589327570,1
29.590494920,0
29.606007820,1
29.607178190,0
29.622666340,1
29.623873580,0
29.639329920,1
29.640520370,0
29.655976590,1
29.657238010,0
29.672598130,1
29.673838020,0
29.689301500,1
29.690540790,0
29.705960540,1
29.707174370,0
29.722608630,1
29.723850260,0
29.739249480,1
29.740543960,0
29.755934640,1
29.757198320,0
29.772604010,1
29.773811300,0
29.789228000,1
29.790487370,0
29.805916830,1
29.807123300,0
29.822561080,1
29.823847820,0
29.839249180,1
29.840515310,0
29.855867740,1
29.857169770,0
29.872560040,1
29.873856760,0
29.889198210,1
29.890420130,0
29.905875530,1
29.907275580,0
29.922524030,1
29.923784470,0
29.939169030,1
29.940329590,0
29.955949090,1
29.957643350,0
29.972516830,1
29.973736610,0
29.989132970,1
29.990433160,0
30.005838930,1
30.007096320,0
30.022496800,1
30.023695840,0
30.039127060,1
30.040335270,0
30.055806890,1
30.057026670,0
30.072459070,1
30.073656820,0
30.089156500,1
30.090372740,0
30.105759810,1
30.106911080,0
30.122444010,1
30.123732790,0
30.139105210,1
30.140255250,0
30.155776880,1
30.156976460,0
30.172433130,1
30.173672290,0
30.189094630,1
30.190222320,0
30.205751800,1
30.206944030,0
30.222398950,1
30.223665950,0
30.239053640,1
30.240269130,0
30.255740030,1
30.257032710,0
30.272403630,1
30.273599750,0
30.289057810,1
30.290383850,0
30.305732530,1
30.306908710,0
30.313260240,1
30.413259310,0
30.422304430,1
30.423584440,0
30.438997420,1
30.440281640,0
30.455661200,1
30.456807280,0
30.472308510,1
30.473625670,0
30.488931710,1
30.490109940,0
30.505628630,1
30.506886080,0
30.522293820,1
30.523550250,0
30.538966340,1
30.540216790,0
30.555630210,1
30.556817330,0
30.572277730,1
30.574128860,0
30.588934470,1
30.590162250,0
30.605617070,1
30.606787850,0
30.622220660,1
30.623472150,0
30.638913810,1
30.640155310,0
30.655590870,1
30.656763040,0
30.672234120,1
30.673412520,0
30.688904850,1
30.690110390,0
30.705560170,1
30.706786490,0
30.722212620,1
30.723419830,0
30.738846290,1
30.740103730,0
30.755528030,1
30.756854640,0
30.772191830,1
30.773487640,0
30.788835140,1
30.790083820,0
30.805510760,1
30.806736430,0
30.822162930,1
30.823423020,0
30.838843010,1
30.840035200,0
30.855481880,1
30.856790640,0
30.872157380,1
30.873357620,0
30.888801640,1
30.890134510,0
30.905473490,1
30.906777000,0
30.922138320,1
30.923377740,0
30.938797660,1
30.940004980,0
30.955461820,1
30.956724650,0
30.972112680,1
30.973372280,0
30.988781190,1
30.990136460,0
31.005436200,1
31.006674550,0
31.022096000,1
31.023367940,0
31.038714530,1
31.039975910,0
31.055434610,1
31.056653370,0
31.072097040,1
31.073239880,0
31.088739370,1
31.090020360,0
31.105408290,1
31.106593360,0
31.122059660,1
31.123259490,0
31.138723280,1
31.139924880,0
31.155361380,1
31.156607720,0
31.172042770,1
31.173283680,0
31.188700610,1
31.189897000,0
31.205378450,1
31.206493540,0
31.222040160,1
31.223282350,0
31.238657370,1
31.239908140,0
31.255353910,1
31.256650820,0
31.271996300,1
31.273229290,0
31.288644700,1
31.289888750,0
31.305325050,1
31.306564670,0
31.313250880,1
31.413249940,0
31.421937970,1
31.423143570,0
31.438604200,1
31.439899340,0
31.455250380,1
31.456400710,0
31.471912580,1
31.473055560,0
31.488568450,1
31.489904890,0
31.505208330,1
31.506508150,0
31.521892770,1
31.523146860,0
31.538535340,1
31.539689010,0
31.555222410,1
31.556538420,0
31.571871860,1
31.573020750,0
31.588526290,1
31.589782060,0
31.605189550,1
31.606351710,0
31.621837510,1
31.623107350,0
31.638501060,1
31.639883120,0
31.655163520,1
31.656317850,0
31.671830230,1
31.673069850,0
31.688475410,1
31.689701060,0
31.705159390,1
31.706400490,0
31.721816280,1
31.723030270,0
31.738497000,1
31.739669450,0
31.755147280,1
31.756485700,0
31.771785710,1
31.773564880,0
31.788462880,1
31.789667650,0
31.805085300,1
31.806352270,0
31.821774520,1
31.823023430,0
31.838621690,1
31.840218480,0
31.855198660,1
31.856273500,0
31.871837960,1
31.873563930,0
31.888542190,1
31.890284100,0
31.905068880,1
31.906293250,0
31.921705430,1
31.922977430,0
31.938387630,1
31.939599380,0
31.955028670,1
31.956321530,0
31.971680200,1
31.973008810,0
31.988373800,1
31.989599970,0
32.005028310,1
32.006268730,0
32.021672950,1
32.022863370,0
32.038319290,1
32.039610280,0
32.055000800,1
32.056273440,0
32.071640490,1
32.072894950,0
32.088275920,1
32.089572860,0
32.104986910,1
32.106222100,0
32.121639720,1
32.122906080,0
32.138306560,1
32.139606470,0
32.154937640,1
32.156191070,0
32.171631750,1
32.172787240,0
32.188272340,1
32.189460230,0
32.204958550,1
32.206146540,0
32.221588810,1
32.222817630,0
32.238246080,1
32.239392390,0
32.254913970,1
32.256164300,0
32.271567010,1
32.272793270,0
32.288221990,1
32.289394120,0
32.304889880,1
32.306195510,0
32.313241520,1
32.413240570,0
32.421515920,1
32.422757090,0
32.438145860,1
32.439391670,0
32.454821260,1
32.456020490,0
32.471482110,1
32.472721620,0
32.488155500,1
32.489408770,0
32.504815410,1
32.506103830,0
32.521450260,1
32.522680270,0
32.538113390,1
32.539371620,0
32.554747690,1
32.556021880,0
32.571448140,1
32.572613440,0
32.588100300,1
32.589326540,0
32.604751080,1
32.605893320,0
32.621411530,1
32.622606650,0
32.638091030,1
32.639345030,0
32.654732860,1
32.656021400,0
32.671417240,1
32.672570010,0
32.688033820,1
32.689188170,0
32.704744370,1
32.705960970,0
32.721392980,1
32.722513190,0
32.738058020,1
32.739317290,0
32.754689180,1
32.755885420,0
32.771358800,1
32.772593350,0
32.788017410,1
32.789297730,0
32.804697030,1
32.805939270,0
32.821343760,1
32.822524620,0
32.838002500,1
32.839286340,0
32.854671020,1
32.855895630,0
32.871324690,1
32.872574970,0
32.887976190,1
32.889217140,0
32.904646620,1
32.905907420,0
32.921285420,1
32.922502120,0
32.937933120,1
32.939798330,0
32.954593930,1
32.955874920,0
32.971272010,1
32.972531200,0
32.987945490,1
32.989178700,0
33.004614240,1
33.005792560,0
33.021255400,1
33.022446860,0
33.038009150,1
33.039160840,0
33.054587130,1
33.055783820,0
33.071244150,1
33.072458910,0
33.087904380,1
33.089133990,0
33.104577620,1
33.105860260,0
33.121199290,1
33.122582330,0
33.137831040,1
33.139077410,0
33.154528380,1
33.155763150,0
33.171195340,1
33.172442810,0
33.187858960,1
33.189159370,0
33.204520520,1
33.205721770,0
33.221183630,1
33.222386330,0
33.237829430,1
33.239052670,0
33.254489990,1
33.255765000,0
33.271172480,1
33.272372750,0
33.287807440,1
33.289094150,0
33.304507550,1
33.305775880,0
33.313232150,1
33.413231220,0
33.421086690,1
33.422239490,0
33.437767570,1
33.438931330,0
33.454382790,1
33.455606730,0
33.471039670,1
33.472290730,0
33.487734350,1
33.489092330,0
33.504433800,1
33.505650490,0
33.521062280,1
33.522272440,0
33.537684360,1
33.539077080,0
33.554363440,1
33.555714600,0
33.571057630,1
33.572286180,0
33.587692100,1
33.589079390,0
33.604363380,1
33.605525190,0
33.621014900,1
33.622276790,0
33.637668550,1
33.638856410,0
33.654344450,1
33.655624360,0
33.670997450,1
33.672243940,0
33.687642140,1
33.688832620,0
33.704336370,1
33.705583890,0
33.720961770,1
33.722259050,0
33.737631460,1
33.738763460,0
33.754327170,1
33.755476270,0
33.770952740,1
33.772222720,0
33.787619970,1
33.788844850,0
33.804288950,1
33.805594090,0
33.820932440,1
33.822186290,0
33.837716730,1
33.838765030,0
33.854222330,1
33.855492560,0
33.870906960,1
33.872130940,0
33.887578440,1
33.888760630,0
33.904258660,1
33.905377930,0
33.920871500,1
33.922170840,0
33.937538690,1
33.938746130,0
33.954224270,1
33.955526180,0
33.970864870,1
33.972122260,0
33.987538390,1
33.988734850,0
34.004186490,1
34.005469110,0
34.020839430,1
34.022033290,0
34.037501800,1
34.038803360,0
34.054137960,1
34.055361860,0
34.070816380,1
34.072137560,0
34.087469890,1
34.088681560,0
34.104157910,1
34.105309740,0
34.120798640,1
34.122076990,0
34.137444070,1
34.138698460,0
34.154102260,1
34.155306420,0
34.170793520,1
34.171999280,0
34.187452750,1
34.188727800,0
34.204121130,1
34.205369030,0
34.220708840,1
34.222000490,0
34.237440620,1
34.238750410,0
34.254076800,1
34.255271530,0
34.270747310,1
34.271881110,0
34.287409750,1
34.288713160,0
34.304088470,1
34.305343880,0
34.313222800,1
34.413221850,0
34.420667240,1
34.421830270,0
34.437322070,1
34.438481960,0
34.453982050,1
34.455189210,0
34.470635230,1
34.471877080,0
34.487322160,1
34.488602660,0
34.503990760,1
34.505205000,0
34.520628210,1
34.521856410,0
34.537317680,1
34.538482070,0
34.553945550,1
34.555190440,0
34.570611410,1
34.571840880,0
34.587253940,1
34.588500100,0
34.603945910,1
34.605178190,0
34.620591670,1
34.621756990,0
34.637266130,1
34.638561640,0
34.653927870,1
34.655056850,0
34.670594940,1
34.671907780,0
34.687228580,1
34.688562050,0
34.703927460,1
34.705200840,0
34.720537820,1
34.721807770,0
34.737232850,1
34.738424240,0
34.753906240,1
34.755015580,0
34.770506680,1
34.771770240,0
34.787313600,1
34.789042980,0
34.803890180,1
34.805137390,0
34.820503370,1
34.821706120,0
34.837191380,1
34.838504860,0
34.853845530,1
34.855038730,0
34.870495260,1
34.871830150,0
34.887165590,1
34.888316790,0
34.903797420,1
34.905118440,0
34.920489030,1
34.921671140,0
34.937140610,1
34.938368180,0
34.953813410,1
34.955052450,0
34.970477630,1
34.971727560,0
34.987143450,1
34.988404070,0
35.003785770,1
35.005054430,0
35.020429010,1
35.021584480,0
35.037104260,1
35.038241290,0
35.053757350,1
35.055075970,0
35.070447990,1
35.071617060,0
35.087104350,1
35.088336140,0
35.103740390,1
35.104968620,0
35.120420430,1
35.121691090,0
35.137041480,1
35.138173050,0
35.153702480,1
35.154881840,0
35.170387850,1
35.171607530,0
35.187039450,1
35.188245150,0
35.203691750,1
35.204887130,0
35.220361260,1
35.221545620,0
35.237026240,1
35.238121610,0
35.253703450,1
35.254963340,0
35.270362610,1
35.271710020,0
35.286995850,1
35.288297790,0
35.303689110,1
35.304960880,0
35.313213450,1
35.413212500,0
35.420284020,1
35.421499970,0
35.436946650,1
35.438186820,0
35.453583630,1
35.454917740,0
35.470275980,1
35.471439700,0
35.486929510,1
35.488156070,0
35.503609240,1
35.504887190,0
35.520214830,1
35.521477390,0
35.536906290,1
35.538086190,0
35.553584810,1
35.554924460,0
35.570213100,1
35.571429720,0
35.586874300,1
35.588113370,0
35.603558750,1
35.604797270,0
35.620171180,1
35.621367650,0
35.636867490,1
35.638144440,0
35.653547440,1
35.654734940,0
35.670186450,1
35.671452330,0
35.686856140,1
35.688133010,0
35.703483000,1
35.704862930,0
35.720183410,1
35.721495240,0
35.736824160,1
35.738028260,0
35.753468300,1
35.754636140,0
35.770116620,1
35.771371040,0
35.786749830,1
35.787998810,0
35.803498050,1
35.804695020,0
35.820114440,1
35.821419220,0
35.836799320,1
35.838037230,0
35.853441570,1
35.854709450,0
35.870111480,1
35.871317110,0
35.886733850,1
35.888031250,0
35.903442190,1
35.904491840,0
35.920064540,1
35.921330240,0
35.936733500,1
35.937875390,0
35.953401140,1
35.954821530,0
35.970071370,1
35.971239190,0
35.986755650,1
35.987910760,0
36.003379030,1
36.004642250,0
36.020102040,1
36.021313450,0
36.036707970,1
36.037851480,0
36.053359770,1
36.054584850,0
36.070024190,1
36.071253550,0
36.086699650,1
36.087932200,0
36.103336290,1
36.104592370,0
36.120056550,1
36.121241310,0
36.136645760,1
36.138004560,0
36.153317690,1
36.154588100,0
36.169950610,1
36.171413850,0
36.186633810,1
36.187827240,0
36.203312010,1
36.204597730,0
36.219948310,1
36.221218150,0
36.236603330,1
36.237805050,0
36.253290680,1
36.254457040,0
36.269912930,1
36.271233160,0
36.286588880,1
36.287945720,0
36.303272060,1
36.304488740,0
36.313204090,1
36.413203160,0
36.419854190,1
36.421166510,0
36.436528170,1
36.437816960,0
36.453172130,1
36.454990530,0
36.469822630,1
36.471105460,0
36.486536320,1
36.487764530,0
36.503147480,1
36.504461320,0
36.519833220,1
36.521086580,0
36.536462910,1
36.537741340,0
36.553130230,1
36.554380410,0
36.569790770,1
36.571056350,0
36.586474380,1
36.587788790,0
36.603127280,1
36.604940890,0
36.619888370,1
36.620984100,0
36.636594610,1
36.638321050,0
36.653093770,1
36.654787080,0
36.669845370,1
36.671607070,0
36.686519070,1
36.688284780,0
36.703200340,1
36.704312230,0
36.719858330,1
36.721021270,0
36.736426810,1
36.737607840,0
36.753052080,1
36.754273820,0
36.769698860,1
36.770901650,0
36.786387270,1
36.787611230,0
36.803016690,1
36.804198800,0
36.819687210,1
36.820875120,0
36.836358090,1
36.837520780,0
36.853026960,1
36.854296950,0
36.869683240,1
36.870960430,0
36.886322480,1
36.887530790,0
36.903029970,1
36.904147690,0
36.919650620,1
36.921027200,0
36.936323590,1
36.937594240,0
36.952999360,1
36.954198890,0
36.969627990,1
36.970848210,0
36.986305440,1
36.987612280,0
37.002940970,1
37.004094240,0
37.019601640,1
37.020903560,0
37.036283900,1
37.037419940,0
37.052931700,1
37.054233590,0
37.069578510,1
37.070808390,0
37.086242650,1
37.087697900,0
37.102952670,1
37.104122220,0
37.119576630,1
37.120785160,0
37.136204960,1
37.137452550,0
37.152877080,1
37.154119410,0
37.169537150,1
37.170852050,0
37.186208260,1
37.187432160,0
37.202853570,1
37.204186850,0
37.219512620,1
37.220774020,0
37.236174860,1
37.237549620,0
37.252848820,1
37.254031950,0
37.269507370,1
37.270692710,0
37.286147230,1
37.287447600,0
37.302833960,1
37.304206200,0
37.313194750,1
37.413193800,0
37.419429780,1
37.420738430,0
37.436093720,1
37.437276890,0
37.452724370,1
37.453994640,0
37.469431890,1
37.470573960,0
37.486094090,1
37.487384980,0
37.502745700,1
37.504030920,0
37.519400640,1
37.520680550,0
37.536031930,1
37.537394950,0
37.552722690,1
37.553977870,0
37.569381780,1
37.570684710,0
37.586040690,1
37.587184510,0
37.602699220,1
37.603854610,0
37.619347730,1
37.620552710,0
37.636029490,1
37.637286640,0
37.652669590,1
37.653856520,0
37.669320910,1
37.670599270,0
37.685969860,1
37.687260870,0
37.702658050,1
37.703891690,0
37.719284950,1
37.720595920,0
37.735956570,1
37.737209910,0
37.752626310,1
37.753810380,0
37.769297760,1
37.770619720,0
37.785952780,1
37.787247010,0
37.802611920,1
37.803770010,0
37.819269660,1
37.820466990,0
37.835956170,1
37.837206740,0
37.852571420,1
37.853885370,0
37.869264170,1
37.870586510,0
37.885908800,1
37.886973750,0
37.902582390,1
37.903899930,0
37.919242670,1
37.920539450,0
37.935876470,1
37.937185180,0
37.952515240,1
37.953881910,0
37.969182800,1
37.970428590,0
37.985867180,1
37.987128830,0
38.002538580,1
38.003788100,0
38.019185570,1
38.020472350,0
38.035836020,1
38.037112510,0
38.052508050,1
38.053702730,0
38.069161400,1
38.070393950,0
38.085796650,1
38.087028270,0
38.102549300,1
38.103805250,0
38.119168390,1
38.120493200,0
38.135793880,1
38.137085300,0
38.152455020,1
38.153685860,0
38.169126700,1
38.170420280,0
38.185777300,1
38.186982950,0
38.202480530,1
38.203721740,0
38.219092630,1
38.220413320,0
38.235741980,1
38.236942540,0
38.252459640,1
38.253461730,0
38.269090310,1
38.270277430,0
38.285722170,1
38.287049080,0
38.302395740,1
38.303594540,0
38.313185390,1
38.413184460,0
38.419059860,1
38.420238550,0
38.435696320,1
38.436891720,0
38.452322500,1
38.453647170,0
38.469017850,1
38.470246830,0
38.485652780,1
38.486919610,0
38.502339250,1
38.503602570,0
38.519003840,1
38.520160780,0
38.535620240,1
38.536954920,0
38.552309540,1
38.553520290,0
38.568958310,1
38.570201800,0
38.585602640,1
38.586939920,0
38.602303680,1
38.603540260,0
38.618945910,1
38.620195390,0
38.635598570,1
38.636846170,0
38.652287710,1
38.653505610,0
38.668938190,1
38.670110410,0
38.685589310,1
38.686804740,0
38.702232380,1
38.703559820,0
38.718900880,1
38.720084400,0
38.735564920,1
38.736777180,0
38.752213970,1
38.753398610,0
38.768877410,1
38.770054120,0
38.785561530,1
38.786788430,0
38.802212200,1
38.803293750,0
38.818847620,1
38.820139750,0
38.835543470,1
38.836725910,0
38.852201370,1
38.853464040,0
38.868847790,1
38.870021680,0
38.885517400,1
38.886672840,0
38.902204720,1
38.903458110,0
38.918801540,1
38.920071620,0
38.935497090,1
38.936705800,0
38.952272850,1
38.953277350,0
38.968812650,1
38.970104400,0
38.985447580,1
38.986834720,0
39.002142830,1
39.003338910,0
39.018767540,1
39.019939120,0
39.035419810,1
39.036802850,0
39.052103470,1
39.053281360,0
39.068769050,1
39.070090850,0
39.085417220,1
39.086684560,0
39.102087340,1
39.103270530,0
39.118741580,1
39.119978200,0
39.135385130,1
39.136605960,0
39.152047090,1
39.153405620,0
39.168725830,1
39.169959740,0
39.185356060,1
39.186639240,0
39.202056940,1
39.203319260,0
39.218708490,1
39.220011990,0
39.235366470,1
39.236687700,0
39.252013550,1
39.253283660,0
39.268665410,1
39.269900370,0
39.285341200,1
39.286590270,0
39.302022070,1
39.303264190,0
39.313176060,1
39.413175130,0
39.418622980,1
39.419832770,0
39.435265880,1
39.436469890,0
39.451929930,1
39.453149730,0
39.468568150,1
39.469834010,0
39.485214780,1
39.486484630,0
39.501909300,1
39.503131510,0
39.518578150,1
39.519788600,0
39.535248050,1
39.536459580,0
39.551871640,1
39.553140680,0
39.568541980,1
39.569942680,0
39.585195890,1
39.586318870,0
39.601896640,1
39.603159710,0
39.618519070,1
39.619724020,0
39.635189490,1
39.636426920,0
39.651838600,1
39.653055910,0
39.668513840,1
39.669827280,0
39.685173210,1
39.686360210,0
39.701825640,1
39.703191280,0
39.718461450,1
39.719643480,0
39.735110840,1
39.736330660,0
39.751796920,1
39.753134530,0
39.768458840,1
39.769759820,0
39.785109800,1
39.786293470,0
39.801771930,1
39.802972310,0
39.818441650,1
39.819789600,0
39.835101920,1
39.836448950,0
39.851760540,1
39.852976240,0
39.868380970,1
39.869788210,0
39.885074960,1
39.886308860,0
39.901757910,1
39.903024680,0
39.918388030,1
39.919588040,0
39.935051120,1
39.936333840,0
39.951727800,1
39.952918310,0
39.968382660,1
39.969700600,0
39.985050330,1
39.986279890,0
40.001712680,1
40.002896680,0
40.018366120,1
40.019668020,0
40.034993300,1
40.036156130,0
40.051678580,1
40.052955080,0
40.068343590,1
40.069551630,0
40.084997470,1
40.086159450,0
40.101668270,1
40.102918180,0
40.118318200,1
40.119582660,0
40.134989320,1
40.136264630,0
40.151638780,1
40.152803650,0
40.168322760,1
40.169578660,0
40.184917250,1
40.186208190,0
40.201597270,1
40.203027180,0
40.218285480,1
40.219443960,0
40.234936000,1
40.236177210,0
40.251578400,1
40.252820700,0
40.268245780,1
40.269432750,0
40.284895250,1
40.286120010,0
40.301550230,1
40.302895960,0
40.313166720,1
40.413165780,0
40.418183160,1
40.419475020,0
40.434849520,1
40.436079610,0
40.451514290,1
40.452877540,0
40.468189210,1
40.469477010,0
40.484814790,1
40.486085520,0
40.501499680,1
40.502882580,0
40.518143840,1
40.519390600,0
40.534816480,1
40.536067090,0
40.551443960,1
40.552832910,0
40.568138230,1
40.569395240,0
40.584787090,1
40.586113410,0
40.601471920,1
40.602776800,0
40.618080460,1
40.619514950,0
40.634765740,1
40.635947800,0
40.651448320,1
40.652744600,0
40.668105980,1
40.669390720,0
40.684712450,1
40.686133170,0
40.701429560,1
40.702698380,0
40.718073130,1
40.719321030,0
40.734722370,1
40.735912830,0
40.751396270,1
40.752663630,0
40.768018100,1
40.769267530,0
40.784725150,1
40.785951360,0
40.801479940,1
40.802489480,0
40.818007150,1
40.819260050,0
40.834686760,1
40.835969520,0
40.851332120,1
40.852525750,0
40.867998290,1
40.869296030,0
40.884651480,1
40.885822500,0
40.901325340,1
40.902500960,0
40.917977840,1
40.919168400,0
40.934636980,1
40.936450980,0
40.951308880,1
40.952508950,0
40.967962170,1
40.969196900,0
40.984619000,1
40.985989370,0
41.001286060,1
41.002589460,0
41.017960510,1
41.019112830,0
41.034608820,1
41.035905170,0
41.051242840,1
41.052562610,0
41.067932710,1
41.069200460,0
41.084581650,1
41.085856180,0
41.101278440,1
41.102464700,0
41.117924040,1
41.119132590,0
41.134536700,1
41.135888030,0
41.151192990,1
41.152588630,0
41.167856310,1
41.169193740,0
41.184546470,1
41.185747960,0
41.201214670,1
41.202469970,0
41.217888280,1
41.219070410,0
41.234526210,1
41.235776080,0
41.251183390,1
41.252417160,0
41.267851470,1
41.269108920,0
41.284501860,1
41.285797950,0
41.301203840,1
41.302616430,0
41.313157370,1
41.413156450,0
41.417786060,1
41.419012300,0
41.434441430,1
41.435668130,0
41.451112850,1
41.452300780,0
41.467776190,1
41.468930530,0
41.484420100,1
41.485761340,0
41.501062400,1
41.502382620,0
41.517729660,1
41.519112890,0
41.534384760,1
41.535727770,0
41.551049510,1
41.552356360,0
41.567724030,1
41.569061320,0
41.584401380,1
41.585561300,0
41.601053670,1
41.602215320,0
41.617687010,1
41.618979690,0
41.634488850,1
41.635517680,0
41.651138670,1
41.652862390,0
41.667780480,1
41.669006450,0
41.684485960,1
41.685485690,0
41.701011360,1
41.702178900,0
41.717638120,1
41.718911750,0
41.734325350,1
41.736102370,0
41.751103930,1
41.752786880,0
41.767626200,1
41.769366780,0
41.784399240,1
41.786113430,0
41.800982960,1
41.802190230,0
41.817621380,1
41.818907770,0
41.834267690,1
41.835484810,0
41.850925530,1
41.852121830,0
41.867592950,1
41.868968760,0
41.884236280,1
41.885418200,0
41.900936440,1
41.902113030,0
41.917569970,1
41.918761770,0
41.934251050,1
41.935437940,0
41.950907050,1
41.952057540,0
41.967566610,1
41.968878800,0
41.984240540,1
41.985462750,0
42.000872580,1
42.002026020,0
42.017543530,1
42.018685510,0
42.034197950,1
42.035420390,0
42.050843160,1
42.052042350,0
42.067517850,1
42.068739090,0
42.084181320,1
42.085322750,0
42.100831800,1
42.102112140,0
42.117503510,1
42.118713950,0
42.134162480,1
42.135343070,0
42.150793110,1
42.152144480,0
42.167472990,1
42.168790910,0
42.184132360,1
42.185337230,0
42.200782540,1
42.202076040,0
42.217477100,1
42.218606440,0
42.234122750,1
42.235424060,0
42.250786170,1
42.252058540,0
42.267468120,1
42.268621800,0
42.284098360,1
42.285267930,0
42.300786020,1
42.302027910,0
42.313148050,1
42.413147110,0
42.417375070,1
42.418553000,0
42.434045190,1
42.435270830,0
42.450688580,1
42.451762330,0
42.467370680,1
42.468672230,0
42.484030720,1
42.485344790,0
42.500705820,1
42.501935480,0
42.517362090,1
42.518507550,0
42.534002550,1
42.535170120,0
42.550668570,1
42.551765900,0
42.567340320,1
42.568540980,0
42.583984360,1
42.585174640,0
42.600671230,1
42.601808730,0
42.617331730,1
42.618438500,0
42.633961560,1
42.635160420,0
42.650614470,1
42.651882060,0
42.667286070,1
42.668557930,0
42.683936860,1
42.685180780,0
42.700612200,1
42.701787190,0
42.717273530,1
42.718395440,0
42.733919850,1
42.735250590,0
42.750576530,1
42.751797210,0
42.767228040,1
42.768515060,0
42.783903700,1
42.785194670,0
42.800578330,1
42.801903980,0
42.817228990,1
42.818520910,0
42.833878940,1
42.835201560,0
42.850545170,1
42.851767630,0
42.867184910,1
42.868518560,0
42.883893450,1
42.885123440,0
42.900539100,1
42.901868390,0
42.917179940,1
42.918499580,0
42.933862090,1
42.935060450,0
42.950494530,1
42.951726940,0
42.967157990,1
42.968343180,0
42.983824270,1
42.985029050,0
43.000491890,1
43.001635430,0
43.017154320,1
43.018268100,0
43.033803310,1
43.035015500,0
43.050469110,1
43.051675380,0
43.067127610,1
43.068421230,0
43.083781260,1
43.084967620,0
43.100453380,1
43.101685730,0
43.117098520,1
43.118315870,0
43.133755210,1
43.135054580,0
43.150442130,1
43.151651030,0
43.167081200,1
43.168494720,0
43.183744030,1
43.184952730,0
43.200419920,1
43.201704310,0
43.217057360,1
43.218384410,0
43.233725830,1
43.235009870,0
43.250390000,1
43.251593260,0
43.267050370,1
43.268302060,0
43.283744860,1
43.284946960,0
43.300407990,1
43.301678570,0
43.313138710,1
43.413137790,0
43.416971450,1
43.418178770,0
43.433802510,1
43.434805380,0
43.450329130,1
43.451525900,0
43.466998580,1
43.468143480,0
43.483676110,1
43.484839450,0
43.500309380,1
43.501565050,0
43.516983080,1
43.518215560,0
43.533597430,1
43.534861220,0
43.550271730,1
43.551470690,0
43.566959290,1
43.568204600,0
43.583603600,1
43.584913080,0
43.600302700,1
43.601568830,0
43.616917310,1
43.618231840,0
43.633584740,1
43.634798680,0
43.650233470,1
43.651503740,0
43.666913540,1
43.668154200,0
43.683565780,1
43.684871600,0
43.700218520,1
43.701417350,0
43.716910980,1
43.718064130,0
43.733525490,1
43.734839990,0
43.750188590,1
43.751478580,0
43.766868290,1
43.768067000,0
43.783519860,1
43.784665970,0
43.800196520,1
43.801378950,0
43.816809240,1
43.818025760,0
43.833484090,1
43.834893270,0
43.850165380,1
43.851456340,0
43.866813250,1
43.868083290,0
43.883469280,1
43.884719780,0
43.900154600,1
43.901303190,0
43.916779860,1
43.918050200,0
43.933455940,1
43.934688990,0
43.950122800,1
43.951397510,0
43.966800450,1
43.968093830,0
43.983450940,1
43.984614280,0
44.000105780,1
44.001469680,0
44.016764280,1
44.018032090,0
44.033412110,1
44.034597470,0
44.050097450,1
44.051380700,0
44.066723800,1
44.068052700,0
44.083395600,1
44.084594020,0
44.100077980,1
44.101307940,0
44.116741340,1
44.117958640,0
44.133392200,1
44.134546440,0
44.150034070,1
44.151318420,0
44.166688630,1
44.167998970,0
44.183378510,1
44.184715980,0
44.200025500,1
44.201166390,0
44.216695910,1
44.218047170,0
44.233374440,1
44.234491990,0
44.250012490,1
44.251172340,0
44.266657090,1
44.267998280,0
44.283348260,1
44.284628300,0
44.299991420,1
44.301233090,0
44.313129390,1
44.413128470,0
44.416624770,1
44.417923020,0
44.433271500,1
44.434694280,0
44.449906120,1
44.451176330,0
44.466584530,1
44.467856500,0
44.483237330,1
44.484540950,0
44.499917120,1
44.501167110,0
44.516556710,1
44.517795450,0
44.533233420,1
44.534441690,0
44.549902690,1
44.551071540,0
44.566567790,1
44.567766350,0
44.583203530,1
44.584471280,0
44.599867980,1
44.601272300,0
44.616500100,1
44.617868260,0
44.633215350,1
44.634256010,0
44.649840950,1
44.651098250,0
44.666514650,1
44.667744790,0
44.683157020,1
44.684512720,0
44.699844230,1
44.701059570,0
44.716497360,1
44.717796670,0
44.733153500,1
44.734285370,0
44.749808280,1
44.751059970,0
44.766465270,1
44.767676670,0
44.783118270,1
44.784356320,0
44.799799480,1
44.801027820,0
44.816464380,1
44.817619830,0
44.833095340,1
44.834408610,0
44.849775010,1
44.850987570,0
44.866428270,1
44.867754180,0
44.883071900,1
44.884326040,0
44.899884430,1
44.900929160,0
44.916411260,1
44.917626290,0
44.933075840,1
44.934310770,0
44.949737130,1
44.950793770,0
44.966401830,1
44.967641240,0
44.983035690,1
44.984241130,0
44.999728610,1
45.000996070,0
45.016366820,1
45.017588700,0
45.033024980,1
45.034346420,0
45.049667100,1
45.050954900,0
45.066364570,1
45.067659700,0
45.082992650,1
45.084264380,0
45.099660730,1
45.100913580,0
45.116320680,1
45.117690940,0
45.132982600,1
45.134170520,0
45.149619740,1
45.150791310,0
45.166304210,1
45.167609480,0
45.182986650,1
45.184167160,0
45.199630390,1
45.201003220,0
45.216292260,1
45.217588760,0
45.232964820,1
45.234175760,0
45.249608500,1
45.250786500,0
45.266281070,1
45.267402700,0
45.282920110,1
45.284170250,0
45.299578590,1
45.300861080,0
45.313120080,1
45.413119140,0
45.416228460,1
45.417366750,0
45.432871750,1
45.434042650,0
45.449529960,1
45.450664710,0
45.466216880,1
45.467409980,0
45.482848210,1
45.483951480,0
45.499520030,1
45.500572580,0
45.516176920,1
45.517256960,0
45.532835070,1
45.534031040,0
45.549479680,1
45.550745480,0
45.566172120,1
45.567409810,0
45.582832970,1
45.584077250,0
45.599487630,1
45.600692990,0
45.616131880,1
45.617444100,0
45.632787400,1
45.634003310,0
45.649430260,1
45.650812820,0
45.666122250,1
45.667371280,0
45.682769250,1
45.684039480,0
45.699416080,1
45.700602630,0
45.716115850,1
45.717262420,0
45.732758070,1
45.734152450,0
45.749412500,1
45.750789410,0
45.766071810,1
45.767303480,0
45.782762310,1
45.783897950,0
45.799416330,1
45.800550390,0
45.816049180,1
45.817334080,0
45.832751490,1
45.833919800,0
45.849381200,1
45.850772510,0
45.866063850,1
45.867324720,0
45.882731450,1
45.883906330,0
45.899388270,1
45.900453110,0
45.916038710,1
45.917414310,0
45.932701840,1
45.934059760,0
45.949351650,1
45.950589090,0
45.966005220,1
45.967199600,0
45.982658110,1
45.983898370,0
45.999303220,1
46.000549270,0
46.015977800,1
46.017212300,0
46.032649010,1
46.034030100,0
46.049320050,1
46.050651760,0
46.065969380,1
46.067139250,0
46.082609470,1
46.083881880,0
46.099293850,1
46.100486000,0
46.115964310,1
46.117226190,0
46.132614150,1
46.133957160,0
46.149276600,1
46.150536390,0
46.165956420,1
46.167099000,0
46.182611720,1
46.183825360,0
46.199266590,1
46.200491870,0
46.215907670,1
46.217033750,0
46.232607150,1
46.233692560,0
46.249249390,1
46.250554490,0
46.265911580,1
46.267023630,0
46.282581900,1
46.283862590,0
46.299258320,1
46.300492010,0
46.313110740,1
46.413109830,0
46.415874540,1
46.417209200,0
46.432532630,1
46.433779430,0
46.449184470,1
46.450484030,0
46.465808120,1
46.467124920,0
46.482499580,1
46.483680110,0
46.499168600,1
46.500397010,0
46.515808720,1
46.517060910,0
46.532471230,1
46.533864580,0
46.549150110,1
46.550301270,0
46.565792510,1
46.567177680,0
46.582468560,1
46.583748450,0
46.599145300,1
46.600272950,0
46.615760110,1
46.617073670,0
46.632439630,1
46.633669130,0
46.649074230,1
46.650440950,0
46.665758120,1
46.667020200,0
46.682585790,1
46.683682610,0
46.699109290,1
46.700338310,0
46.715872680,1
46.716979280,0
46.732536210,1
46.733664040,0
46.749218310,1
46.750223130,0
46.765829650,1
46.767668800,0
46.782517770,1
46.783621760,0
46.799078460,1
46.800125000,0
46.815700200,1
46.816901290,0
46.832349120,1
46.833769840,0
46.849023230,1
46.850345220,0
46.865688920,1
46.866908700,0
46.882354020,1
46.883636600,0
46.899002000,1
46.900306100,0
46.915652310,1
46.916904250,0
46.932341720,1
46.933463270,0
46.948996570,1
46.950239190,0
46.965646180,1
46.966970640,0
46.982317960,1
46.983696520,0
46.998968660,1
47.000217750,0
47.015631780,1
47.016973100,0
47.032302940,1
47.033590480,0
47.048951930,1
47.050307940,0
47.065581450,1
47.066784200,0
47.082258010,1
47.083374970,0
47.098940970,1
47.100138280,0
47.115597060,1
47.116810810,0
47.132235000,1
47.133498190,0
47.148906850,1
47.150098740,0
47.165550490,1
47.166837310,0
47.182254780,1
47.183342240,0
47.198899880,1
47.200022870,0
47.215546420,1
47.216747940,0
47.232212320,1
47.233386870,0
47.248885570,1
47.250016190,0
47.265544830,1
47.266766320,0
47.282188700,1
47.283388050,0
47.298865900,1
47.300095730,0
47.313101430,1
47.413100500,0
47.415506860,1
47.416722490,0
47.432138980,1
47.433402590,0
47.448832370,1
47.450011920,0
47.465455570,1
47.466705320,0
47.482108490,1
47.483485360,0
47.498774800,1
47.500057050,0
47.515433840,1
47.516649090,0
47.532120020,1
47.533233080,0
47.548760220,1
47.549934900,0
47.565390730,1
47.566661520,0
47.582071770,1
47.583275140,0
47.598771070,1
47.599909400,0
47.615361560,1
47.616640850,0
47.632033200,1
47.633166590,0
47.648723650,1
47.649886370,0
47.665351410,1
47.666618060,0
47.682055010,1
47.683268550,0
47.698732130,1
47.699919350,0
47.715358590,1
47.716604240,0
47.732012920,1
47.733225190,0
47.748678870,1
47.750014370,0
47.765355280,1
47.766603420,0
47.781974850,1
47.783384320,0
47.798675960,1
47.800010240,0
47.815322720,1
47.816626320,0
47.831984920,1
47.833269030,0
47.848625040,1
47.849899240,0
47.865320760,1
47.866721840,0
47.881939090,1
47.883150880,0
47.898628320,1
47.900011370,0
47.915268390,1
47.916408700,0
47.931929800,1
47.933157270,0
47.948593620,1
47.949917460,0
47.965276920,1
47.966707670,0
47.981939310,1
47.983270590,0
47.998611390,1
47.999888220,0
48.015266890,1
48.016493670,0
48.031890920,1
48.033018640,0
48.048558900,1
48.049757030,0
48.065247800,1
48.066443330,0
48.081892380,1
48.083127570,0
48.098572390,1
48.099794810,0
48.115219480,1
48.116437480,0
48.131863310,1
48.133130280,0
48.148514960,1
48.149793930,0
48.165199000,1
48.166410430,0
48.181860960,1
48.183219390,0
48.198545610,1
48.199805560,0
48.215192330,1
48.216438580,0
48.231856500,1
48.233127700,0
48.248507260,1
48.249777940,0
48.265175550,1
48.266324870,0
48.281824380,1
48.283050120,0
48.298495510,1
48.299711010,0
48.313092100,1
48.413091190,0
48.415111830,1
48.416286280,0
48.431771860,1
48.432966520,0
48.448435150,1
48.449641120,0
48.465123300,1
48.466414210,0
48.481752320,1
48.483069970,0
48.498404310,1
48.499732990,0
48.515089430,1
48.516268760,0
48.531744470,1
48.532993600,0
48.548407600,1
48.549603700,0
48.565061700,1
48.566353950,0
48.581731300,1
48.582995120,0
48.598397150,1
48.599679770,0
48.615060670,1
48.616355750,0
48.631692330,1
48.632860680,0
48.648356320,1
48.649703360,0
48.665052400,1
48.666308220,0
48.681712460,1
48.682880130,0
48.698383580,1
48.699705840,0
48.715019190,1
48.716198770,0
48.731672390,1
48.732890990,0
48.748343350,1
48.749448820,0
48.765008260,1
48.766205060,0
48.781646590,1
48.782877790,0
48.798347660,1
48.799771230,0
48.815000010,1
48.816173730,0
48.831652290,1
48.832899830,0
48.848315760,1
48.849533790,0
48.864992550,1
48.866222040,0
48.881639040,1
48.882805680,0
48.898315040,1
48.899524520,0
48.914969320,1
48.916136670,0
48.931590930,1
48.932829350,0
48.948271730,1
48.949379910,0
48.964934270,1
48.966169980,0
48.981587210,1
48.982921040,0
48.998232420,1
48.999597230,0
49.014917660,1
49.016115780,0
49.031581500,1
49.032757840,0
49.048242210,1
49.049688080,0
49.064918460,1
49.066201020,0
49.081558530,1
49.082861890,0
49.098215660,1
49.099440280,0
49.114885580,1
49.116149850,0
49.131534540,1
49.132692370,0
49.148206650,1
49.149591610,0
49.164889050,1
49.166207850,0
49.181492720,1
49.182967900,0
49.198238000,1
49.199560570,0
49.214877740,1
49.216169850,0
49.231539520,1
49.232728350,0
49.248199270,1
49.249245020,0
49.264870390,1
49.265992580,0
49.281511030,1
49.282668140,0
49.298212020,1
49.299415860,0
49.313082800,1
49.413081880,0
49.414836980,1
49.416032860,0
49.431459660,1
49.432836560,0
49.448120430,1
49.449382470,0
49.464798190,1
49.465945550,0
49.481453490,1
49.482829150,0
49.498131110,1
49.499300650,0
49.514754990,1
49.516034970,0
49.531440160,1
49.532656310,0
49.548080900,1
49.549253540,0
49.564754160,1
49.565904310,0
49.581415840,1
49.582575640,0
49.598084510,1
49.599366970,0
49.614756410,1
49.616075500,0
49.631406300,1
49.632740030,0
49.648057740,1
49.649219210,0
49.664720140,1
49.666012020,0
49.681395090,1
49.682591970,0
49.698043930,1
49.699374120,0
49.714693370,1
49.715951930,0
49.731385560,1
49.732621100,0
49.748043070,1
49.749227750,0
49.764690320,1
49.765824830,0
49.781346480,1
49.782684930,0
49.797999340,1
49.799356120,0
49.814691820,1
49.815954400,0
49.831341180,1
49.832647270,0
49.848004350,1
49.849310490,0
49.864659280,1
49.866016000,0
49.881436210,1
49.882616160,0
49.897965310,1
49.899255290,0
49.914634850,1
49.915909760,0
49.931293170,1
49.932501380,0
49.947969150,1
49.949122640,0
49.964582160,1
49.965889810,0
49.981288880,1
49.982514960,0
49.997944280,1
49.999186630,0
50.014604700,1
50.015941910,0
50.031274030,1
50.032567320,0
50.047939350,1
50.049188390,0
50.064584600,1
50.065864990,0
50.081254610,1
50.082401770,0
50.097927820,1
50.099106650,0
50.114561600,1
50.115842170,0
50.131217590,1
50.132458370,0
50.147903370,1
50.149116900,0
50.164534580,1
50.165760300,0
50.181195020,1
50.182435720,0
50.197877480,1
50.199032470,0
50.214533760,1
50.215611190,0
50.231199290,1
50.232485470,0
50.247874250,1
50.249134370,0
50.264498370,1
50.265753040,0
50.281199180,1
50.282502860,0
50.297862120,1
50.299002320,0
50.313073490,1
50.413072560,0
50.414552720,1
50.415732910,0
50.431117640,1
50.432312230,0
50.447808690,1
50.448854150,0
50.464459050,1
50.465626320,0
50.481110190,1
50.482260400,0
50.497869690,1
50.499069870,0
50.514436410,1
50.515683050,0
50.531091220,1
50.532375710,0
50.547783760,1
50.548864350,0
50.564426180,1
50.565635300,0
50.581078370,1
50.582458430,0
50.597746650,1
50.598958080,0
50.614420370,1
50.615555140,0
50.631071150,1
50.632239160,0
50.647738960,1
50.648926660,0
50.664367830,1
50.665550230,0
50.681048110,1
50.682209560,0
50.697719240,1
50.698878120,0
50.714393970,1
50.715812960,0
50.731053570,1
50.732279360,0
50.747705900,1
50.748917420,0
50.764360960,1
50.765680350,0
50.781019490,1
50.782891960,0
50.797679340,1
50.798723240,0
50.814337410,1
50.815423860,0
50.831001240,1
50.832401720,0
50.847666980,1
50.848893910,0
50.864327100,1
50.865394670,0
50.880990030,1
50.882266430,0
50.897658320,1
50.898820920,0
50.914325320,1
50.915530850,0
50.930973700,1
50.932174120,0
50.947632560,1
50.948986680,0
50.964314960,1
50.965570890,0
50.980953290,1
50.982221100,0
50.997610280,1
50.999105170,0
51.014292170,1
51.015501840,0
51.030959570,1
51.032273890,0
51.047607300,1
51.048828200,0
51.064278010,1
51.065814300,0
51.080918310,1
51.082297610,0
51.097587350,1
51.098826330,0
51.114257160,1
51.115619430,0
51.130865670,1
51.132137070,0
51.147594890,1
51.148861640,0
51.164236670,1
51.165487780,0
51.180912480,1
51.182091580,0
51.197562160,1
51.198763090,0
51.214251590,1
51.215455510,0
51.230909990,1
51.232067120,0
51.247563750,1
51.248777590,0
51.264231010,1
51.265378060,0
51.280863290,1
51.282008250,0
51.297558120,1
51.298612210,0
51.313064170,1
51.413063270,0
51.414335180,1
51.415368920,0
51.430842530,1
51.432081670,0
51.447493150,1
51.448753210,0
51.464158710,1
51.465504130,0
51.480823950,1
51.482041860,0
51.497499390,1
51.498737990,0
51.514150320,1
51.515518720,0
51.530794800,1
51.531989440,0
51.547476740,1
51.548744790,0
51.564138440,1
51.565446190,0
51.580818570,1
51.582021700,0
51.597490500,1
51.598732280,0
51.614107670,1
51.615356950,0
51.630806360,1
51.632050760,0
51.647447300,1
51.648667040,0
51.664108180,1
51.665343070,0
51.680771910,1
51.681952090,0
51.697449560,1
51.698674560,0
51.714208680,1
51.715345190,0
51.730782000,1
51.732598220,0
51.747543870,1
51.749044050,0
51.764184910,1
51.765620280,0
51.780739800,1
51.781945220,0
51.797460430,1
51.798605480,0
51.814199540,1
51.815173360,0
51.830744900,1
51.832438420,0
51.847403620,1
51.848629870,0
51.864075760,1
51.865347660,0
51.880718480,1
51.881914510,0
51.897399690,1
51.898648510,0
51.914042130,1
51.915291170,0
51.930733090,1
51.931920960,0
51.947387760,1
51.948630200,0
51.964030080,1
51.965355760,0
51.980697610,1
51.981996010,0
51.997357670,1
51.998518870,0
52.014023130,1
52.015241300,0
52.030695490,1
52.031800740,0
52.047356050,1
52.048673010,0
52.064033500,1
52.065324230,0
52.080672920,1
52.081872900,0
52.097339280,1
52.098540530,0
52.113991480,1
52.115219810,0
52.130656940,1
52.131855240,0
52.147322000,1
52.148633840,0
52.163976800,1
52.165246740,0
52.180658390,1
52.181809660,0
52.197363880,1
52.198549410,0
52.213981220,1
52.215186430,0
52.230632480,1
52.231949970,0
52.247274990,1
52.248721840,0
52.263971670,1
52.265347270,0
52.280625200,1
52.281798310,0
52.297316360,1
52.298548720,0
52.313054570,1
52.413053950,0
52.414114900,1
52.414971730,0
52.430564600,1
52.431847390,0
52.447269720,1
52.448473390,0
52.463904120,1
52.465225050,0
52.480595250,1
52.481808200,0
52.497253100,1
52.498596740,0
52.513916650,1
52.515268390,0
52.530586460,1
52.531826440,0
52.547232900,1
52.548364850,0
52.563862700,1
52.565159270,0
52.580546580,1
52.581704830,0
52.597225750,1
52.598262250,0
52.613864560,1
52.615117770,0
52.630521400,1
52.631760010,0
52.647180800,1
52.648482090,0
52.663865060,1
52.665065490,0
52.680500310,1
52.681748060,0
52.697163250,1
52.698541520,0
52.713842370,1
52.715092250,0
52.730522680,1
52.731721520,0
52.747147660,1
52.748480470,0
52.763823000,1
52.765088880,0
52.780488320,1
52.781740690,0
52.797191850,1
52.798531370,0
52.813831770,1
52.815064030,0
52.830496180,1
52.831739480,0
52.847167780,1
52.848352530,0
52.863812160,1
52.865103590,0
52.880470700,1
52.881604320,0
52.897151950,1
52.898329190,0
52.913810930,1
52.915140530,0
52.930478130,1
52.931699010,0
52.947117240,1
52.948332030,0
52.963780720,1
52.965010520,0
52.980433600,1
52.981751450,0
52.997117920,1
52.998310170,0
53.013775970,1
53.015050670,0
53.030427770,1
53.031593130,0
53.047089940,1
53.048299180,0
53.063760210,1
53.065078640,0
53.080432140,1
53.081675330,0
53.097099740,1
53.098326170,0
53.113770860,1
53.115012040,0
53.130435030,1
53.131635610,0
53.147066250,1
53.148360700,0
53.163747910,1
53.164942280,0
53.180392600,1
53.181767610,0
53.197096580,1
53.198225920,0
53.213731040,1
53.214906130,0
53.230390010,1
53.231627620,0
53.247059530,1
53.248259070,0
53.263703530,1
53.265022280,0
53.280375180,1
53.281723180,0
53.297073960,1
53.298324930,0
53.313045570,1
53.413044660,0
53.413934480,1
53.414719080,0
53.430336960,1
53.431658250,0
53.447007580,1
53.448224590,0
53.463648060,1
53.472077400,0
53.476458150,1
53.477004810,0
53.480218840,1
53.488154070,0
53.488198640,1
53.488380130,0
53.491799660,1
53.491804920,0
53.492058840,1
53.492257050,0
53.492343510,1
53.492349090,0
53.492372840,1
53.499517750,0
53.499523540,1
53.499533340,0
53.499540280,1
53.499550100,0
53.499573760,1
53.499642200,0
53.513682800,1
53.514940190,0
53.515376090,1
53.515434730,0
53.530299860,1
53.531471450,0
53.531493120,1
53.531530110,0
53.546967180,1
53.548220640,0
53.548244520,1
53.548251330,0
53.563596840,1
53.564816630,0
53.580347450,1
53.581299260,0
53.597064570,1
53.597904220,0
53.613610250,1
53.613615990,0
53.613652040,1
53.614729640,0
53.614748900,1
53.614808970,0
53.614883270,1
53.614888530,0
53.614962840,1
53.614968080,0
53.630298720,1
53.631372510,0
53.631378250,1
53.631484900,0
53.631508090,1
53.631513670,0
53.646944130,1
53.646949790,0
53.646964740,1
53.648135400,0
53.648216920,1
53.648222470,0
53.663620010,1
53.664781850,0
53.680295440,1
53.681465300,0
53.696967400,1
53.698128550,0
53.698210830,1
53.698216450,0
53.713605740,1
53.714938530,0
53.730264840,1
53.731584920,0
53.731596260,1
53.731602530,0
53.746936250,1
53.748127250,0
53.748210680,1
53.748215910,0
53.763608160,1
53.764833790,0
53.780237840,1
53.781357780,0
53.781372270,1
53.781465900,0
53.781481220,1
53.781488170,0
53.781548170,1
53.781587320,0
53.796934030,1
53.798109920,0
53.813577590,1
53.813583970,0
53.813593200,1
53.814666400,0
53.814685870,1
53.814775790,0
53.830264540,1
53.831438780,0
53.831479050,1
53.831513760,0
53.846919570,1
53.848139500,0
53.863566160,1
53.864781760,0
53.864818430,1
53.864824050,0
53.880229910,1
53.881436840,0
53.881464700,1
53.881470470,0
53.896904710,1
53.898087440,0
53.913564390,1
53.914731570,0
53.930231760,1
53.931427570,0
53.946866040,1
53.948090230,0
53.948100730,1
53.948106300,0
53.963557640,1
53.964756960,0
53.964797380,1
53.964809140,0
53.964856010,1
53.964861700,0
53.964969150,1
53.964974730,0
53.980217140,1
53.981303770,0
53.981340210,1
53.981396400,0
53.981515050,1
53.981520610,0
53.996872280,1
53.998054470,0
53.998107140,1
53.998129640,0
53.998333250,1
53.998338550,0
54.013539560,1
54.014715200,0
54.014737200,1
54.014771800,0
54.030165210,1
54.030170830,0
54.030194510,1
54.031377060,0
54.031400310,1
54.031406650,0
54.031458920,1
54.031465300,0
54.046837020,1
54.046843340,0
54.046854120,1
54.048037500,0
54.048088880,1
54.048094480,0
54.048114020,1
54.048119900,0
54.063521450,1
54.064663110,0
54.064672810,1
54.064737420,0
54.080179520,1
54.081385110,0
54.096872010,1
54.098055730,0
54.113511800,1
54.114706500,0
54.114717630,1
54.114729170,0
54.114831230,1
54.114837710,0
54.130187670,1
54.131349280,0
54.131461410,1
54.131467770,0
54.146838840,1
54.148024680,0
54.163493550,1
54.164688850,0
54.180169350,1
54.181246810,0
54.181253590,1
54.181322320,0
54.196832590,1
54.197940270,0
54.197946260,1
54.198028340,0
54.198080290,1
54.198085870,0
54.213475670,1
54.214606600,0
54.230196880,1
54.230202500,0
54.230210040,1
54.231263100,0
54.231314750,1
54.231320320,0
54.231369570,1
54.231374830,0
54.246797770,1
54.247875160,0
54.247882120,1
54.248002760,0
54.263457730,1
54.263464480,0
54.263482380,1
54.264668910,0
54.264709140,1
54.264715790,0
54.264755560,1
54.264836160,0
54.280129240,1
54.281355160,0
54.281381380,1
54.281386710,0
54.281473270,1
54.281478800,0
54.296817620,1
54.297993490,0
54.298006450,1
54.298016320,0
54.298052520,1
54.298058160,0
54.298086030,1
54.298091670,0
54.298115730,1
54.298122300,0
54.298179130,1
54.298184260,0
54.313464410,1
54.314579330,0
54.314590390,1
54.314642030,0
54.314665710,1
54.314805650,0
54.330115440,1
54.331280870,0
54.331304010,1
54.331339650,0
54.346782360,1
54.347922990,0
54.347940310,1
54.347981590,0
54.348038400,1
54.348044010,0
54.363458260,1
54.364561400,0
54.364575080,1
54.364711510,0
54.380101090,1
54.381321210,0
54.381407250,1
54.381414040,0
54.396784540,1
54.398005140,0
54.398028870,1
54.398035160,0
54.398059410,1
54.398067960,0
54.398091670,1
54.398118830,0
54.413436780,1
54.414627200,0
54.414650430,1
54.414706990,0
54.414742490,1
54.414748120,0
54.430091010,1
54.431298220,0
54.431347040,1
54.431352670,0
54.446758230,1
54.448007960,0
54.448090640,1
54.448095840,0
54.463442490,1
54.464683820,0
54.480097450,1
54.481351250,0
54.496772690,1
54.497930530,0
54.497954220,1
54.497990850,0
54.513415480,1
54.514589500,0
54.514608660,1
54.514615180,0
54.514813870,1
54.514819940,0
54.530144410,1
54.531281920,0
54.531305290,1
54.531310890,0
54.531330400,1
54.531336000,0
54.531358280,1
54.531365310,0
54.546758280,1
54.547866720,0
54.547872490,1
54.547958670,0
54.563410080,1
54.564596600,0
54.564611770,1
54.564627220,0
54.564679340,1
54.564688930,0
54.564745690,1
54.564751300,0
54.564841960,1
54.564856070,0
54.580057090,1
54.580063250,0
54.580077980,1
54.581335530,0
54.581363370,1
54.581368970,0
54.596745800,1
54.597970100,0
54.613364200,1
54.613370340,0
54.613406670,1
54.614584690,0
54.614590040,1
54.614645890,0
54.630076970,1
54.631238160,0
54.631257640,1
54.631321910,0
54.631341770,1
54.631348830,0
54.646715040,1
54.647951600,0
54.663386910,1
54.664607480,0
54.664630720,1
54.664649010,0
54.664730910,1
54.664736530,0
54.680046570,1
54.681196660,0
54.681239550,1
54.681270290,0
54.681332030,1
54.681341650,0
54.681356800,1
54.681363000,0
54.696722530,1
54.697983890,0
54.698007550,1
54.698039190,0
54.698062360,1
54.698068700,0
54.713372840,1
54.714585070,0
54.714641460,1
54.714678100,0
54.714825690,1
54.714831330,0
54.730052910,1
54.731281080,0
54.731363390,1
54.731369580,0
54.746707930,1
54.747883330,0
54.747908350,1
54.747915150,0
54.747972750,1
54.747978800,0
54.748001630,1
54.748040780,0
54.763370690,1
54.764546350,0
54.764551930,1
54.764578500,0
54.764598940,1
54.764637120,0
54.764723810,1
54.764729240,0
54.780034240,1
54.781253970,0
54.781332140,1
54.781370930,0
54.781424250,1
54.781429830,0
54.781454080,1
54.781460200,0
54.781545710,1
54.781551260,0
54.796693550,1
54.797838150,0
54.797888710,1
54.797929540,0
54.798011840,1
54.798017480,0
54.813331360,1
54.813337550,0
54.813360330,1
54.814592640,0
54.814679160,1
54.814686850,0
54.814805130,1
54.814812670,0
54.830019310,1
54.831268390,0
54.831287860,1
54.831352100,0
54.831393100,1
54.831400290,0
54.831451260,1
54.831458340,0
54.831480800,1
54.831486230,0
54.846674300,1
54.847940190,0
54.848026690,1
54.848049640,0
54.863379500,1
54.864411240,0
54.864434630,1
54.864440610,0
54.880045340,1
54.881287820,0
54.881332620,1
54.881337840,0
54.881361480,1
54.881367220,0
54.896684880,1
54.897956110,0
54.897970250,1
54.897997180,0
54.898037300,1
54.898043240,0
54.898122370,1
54.898127520,0
54.913327790,1
54.913334490,0
54.913340260,1
54.914539110,0
54.914563130,1
54.914600070,0
54.914625600,1
54.914661560,0
54.914717700,1
54.914723320,0
54.929995330,1
54.931202750,0
54.931211010,1
54.931301190,0
54.931327810,1
54.931334900,0
54.946658630,1
54.947950660,0
54.947969150,1
54.948012650,0
54.948132360,1
54.948138000,0
54.963321930,1
54.964517020,0
54.964540310,1
54.964579400,0
54.964632410,1
54.964639740,0
54.980014190,1
54.981310400,0
54.981333030,1
54.981338650,0
54.981388000,1
54.981393790,0
54.996689800,1
54.998190960,0
55.013294990,1
55.013300630,0
55.013315890,1
55.014603200,0
55.014718510,1
55.014724770,0
55.029979000,1
55.031198890,0
55.031256030,1
55.031328550,0
55.046658640,1
55.047912700,0
55.047961090,1
55.047998010,0
55.063314120,1
55.064588370,0
55.064704130,1
55.064709730,0
55.079978250,1
55.081198580,0
55.081212880,1
55.081317900,0
55.096645320,1
55.097915830,0
55.097943200,1
55.098008910,0
55.098094480,1
55.098101100,0
55.098127450,1
55.098133000,0
55.113316940,1
55.114584760,0
55.114673400,1
55.114678970,0
55.129959120,1
55.131224950,0
55.146637890,1
55.147834770,0
55.147858170,1
55.147863420,0
55.163302740,1
55.164497630,0
55.164521370,1
55.164581840,0
55.164605820,1
55.164612420,0
55.164663690,1
55.164669330,0
55.164810640,1
55.164816680,0
55.179962200,1
55.181156810,0
55.181243290,1
55.181279820,0
55.196633630,1
55.198035190,0
55.213287970,1
55.214534490,0
55.214590010,1
55.214596120,0
55.229955270,1
55.231209830,0
55.231345260,1
55.231350890,0
55.246614050,1
55.247894030,0
55.247916350,1
55.247951240,0
55.248000100,1
55.248005990,0
55.263277260,1
55.264509620,0
55.264562550,1
55.264626790,0
55.264650520,1
55.264673130,0
55.264710200,1
55.264715680,0
55.279934450,1
55.281176990,0
55.281321710,1
55.281328140,0
55.281380920,1
55.281394290,0
55.296623940,1
55.297810190,0
55.297816140,1
55.297877210,0
55.297901370,1
55.297907150,0
55.297967780,1
55.297977650,0
55.298094230,1
55.298099700,0
55.313270110,1
55.314494220,0
55.314521920,1
55.314590340,0
55.314643370,1
55.314674080,0
55.314806620,1
55.314812250,0
55.329912400,1
55.329919200,0
55.329936780,1
55.331087540,0
55.331109490,1
55.331207700,0
55.331231800,1
55.331238270,0
55.346576170,1
55.347920110,0
55.347939630,1
55.348062340,0
55.348078360,1
55.348087530,0
55.363245990,1
55.364459590,0
55.364736410,1
55.364771310,0
55.364820530,1
55.364826390,0
55.379913290,1
55.381141420,0
55.396576160,1
55.397758250,0
55.397782170,1
55.397788560,0
55.397815450,1
55.397821020,0
55.413246570,1
55.414518200,0
55.414575190,1
55.414580790,0
55.414667270,1
55.414701820,0
55.429918150,1
55.431148920,0
55.431175320,1
55.431210250,0
55.431263250,1
55.431298180,0
55.446590920,1
55.447866940,0
55.447909780,1
55.447923780,0
55.447947490,1
55.447953110,0
55.448031230,1
55.448037030,0
55.463245880,1
55.464520280,0
55.464543990,1
55.464582900,0
55.479900680,1
55.481188260,0
55.481194400,1
55.481200930,0
55.481324180,1
55.481329870,0
55.496568090,1
55.497838700,0
55.497865980,1
55.497871600,0
55.497895270,1
55.497947610,0
55.498017920,1
55.498024590,0
55.498080360,1
55.498093680,0
55.513256660,1
55.513263160,0
55.513294330,1
55.514279920,0
55.529907360,1
55.531198590,0
55.546632950,1
55.547752540,0
55.547772010,1
55.547832060,0
55.547843160,1
55.547949760,0
55.563199920,1
55.564574530,0
55.564581430,1
55.564587510,0
55.564610740,1
55.564616370,0
55.579875230,1
55.581091640,0
55.581143770,1
55.581205570,0
55.581227200,1
55.581234060,0
55.596544090,1
55.597837720,0
55.613193840,1
55.614576380,0
55.629884160,1
55.631122380,0
55.631204730,1
55.631210370,0
55.631326150,1
55.631331710,0
55.646545350,1
55.647892690,0
55.647943750,1
55.647949610,0
55.647998180,1
55.648003770,0
55.663167100,1
55.663172700,0
55.663194490,1
55.664508310,0
55.664523610,1
55.664529200,0
55.664578000,1
55.664612940,0
55.679838840,1
55.679844640,0
55.679859740,1
55.681152220,0
55.681207860,1
55.681230290,0
55.681270650,1
55.681276250,0
55.696523040,1
55.697904250,0
55.697984270,1
55.698002450,0
55.713215550,1
55.714453280,0
55.714588800,1
55.714594870,0
55.714618400,1
55.714623740,0
55.729824630,1
55.729830880,0
55.729848100,1
55.731091670,0
55.731101160,1
55.731282660,0
55.746520830,1
55.747842990,0
55.747961070,1
55.747966690,0
55.763180170,1
55.764420940,0
55.764444600,1
55.764450670,0
55.764502770,1
55.764517800,0
55.779851960,1
55.781078390,0
55.781090920,1
55.781176850,0
55.796485610,1
55.796491150,0
55.796514830,1
55.797782190,0
55.797808490,1
55.797814080,0
55.797926000,1
55.797931300,0
55.813161050,1
55.814402310,0
55.814425670,1
55.814556680,0
55.814580560,1
55.814586510,0
55.814643210,1
55.814648790,0
55.829820160,1
55.831075840,0
55.831101350,1
55.831107350,0
55.831185090,1
55.831193080,0
55.831310710,1
55.831316300,0
55.846500320,1
55.847780800,0
55.847898630,1
55.847904200,0
55.848020030,1
55.848026180,0
55.863159160,1
55.864376830,0
55.864402620,1
55.864408300,0
55.864431960,1
55.864471070,0
55.864490590,1
55.864531820,0
55.879858020,1
55.881122700,0
55.881241430,1
55.881276850,0
55.896452020,1
55.896457870,0
55.896481000,1
55.897813780,0
55.897837480,1
55.897843120,0
55.897866830,1
55.897872380,0
55.897896510,1
55.897903140,0
55.913145690,1
55.914465900,0
55.914500660,1
55.914540150,0
55.914585300,1
55.914620850,0
55.929815840,1
55.931012520,0
55.931063460,1
55.931069120,0
55.931088600,1
55.931124380,0
55.946474940,1
55.947804790,0
55.947840900,1
55.947847460,0
55.963148180,1
55.964387390,0
55.964423610,1
55.964510330,0
55.964566010,1
55.964572240,0
55.979792850,1
55.981029630,0
55.981044640,1
55.981063200,0
55.981074430,1
55.981126050,0
55.981140890,1
55.981192600,0
55.996456130,1
55.997690380,0
55.997699340,1
55.997813820,0
55.997896310,1
55.997943610,0
56.013127360,1
56.014444090,0
56.014563560,1
56.014573320,0
56.029799200,1
56.029805110,0
56.029820100,1
56.031027780,0
56.031109740,1
56.031115350,0
56.046451420,1
56.047724990,0
56.047904190,1
56.047910310,0
56.063077190,1
56.063082380,0
56.063106020,1
56.063111740,0
56.063134010,1
56.064414160,0
56.064533910,1
56.064539380,0
56.079802680,1
56.081044830,0
56.081067670,1
56.081075680,0
56.081193320,1
56.081198900,0
56.096458690,1
56.097716160,0
56.097731930,1
56.097825350,0
56.097861550,1
56.097868120,0
56.098071590,1
56.098076650,0
56.113114290,1
56.114338400,0
56.114424040,1
56.114492850,0
56.129777790,1
56.131056300,0
56.131075770,1
56.131148810,0
56.131205580,1
56.131241330,0
56.146429640,1
56.147833460,0
56.147890870,1
56.147925760,0
56.148012120,1
56.148017850,0
56.163131360,1
56.164192760,0
56.179794450,1
56.181026920,0
56.181072040,1
56.181135720,0
56.181185020,1
56.181192310,0
56.196440950,1
56.197787390,0
56.213097840,1
56.214390850,0
56.214395910,1
56.214575540,0
56.229728120,1
56.231045790,0
56.231072460,1
56.231148840,0
56.231210230,1
56.231215830,0
56.231243690,1
56.231249310,0
56.246399710,1
56.247615330,0
56.247664140,1
56.247671210,0
56.247693440,1
56.247699480,0
56.247752020,1
56.247783000,0
56.247835780,1
56.247870680,0
56.247948890,1
56.247954820,0
56.263084110,1
56.264312650,0
56.264319210,1
56.264370870,0
56.264382030,1
56.264459890,0
56.264570900,1
56.264576070,0
56.279805320,1
56.281088760,0
56.281171480,1
56.281176740,0
56.281200430,1
56.281236460,0
56.281318120,1
56.281323350,0
56.296439210,1
56.297819400,0
56.297843220,1
56.297849390,0
56.313075160,1
56.314437720,0
56.329767360,1
56.331054140,0
56.331065290,1
56.331117050,0
56.346409820,1
56.347726320,0
56.347812490,1
56.347818050,0
56.363052690,1
56.364322790,0
56.364333880,1
56.364340330,0
56.364375760,1
56.364494440,0
56.364518170,1
56.364532140,0
56.364547450,1
56.364565630,0
56.379725050,1
56.380987280,0
56.381010370,1
56.381075790,0
56.381156930,1
56.381170910,0
56.381183260,1
56.381189720,0
56.396409860,1
56.397667390,0
56.397674330,1
56.397759450,0
56.397817290,1
56.397823830,0
56.397850130,1
56.397855770,0
56.413061730,1
56.413068190,0
56.413073780,1
56.414349540,0
56.414375910,1
56.414410990,0
56.414497350,1
56.414515580,0
56.429695850,1
56.429701690,0
56.429725700,1
56.431008250,0
56.431031440,1
56.431067890,0
56.446401980,1
56.447751770,0
56.447817050,1
56.447823560,0
56.463053300,1
56.464316160,0
56.464321900,1
56.464348440,0
56.464426550,1
56.464432470,0
56.479717280,1
56.480979200,0
56.480994260,1
56.481012750,0
56.481073820,1
56.481113170,0
56.481141010,1
56.481180180,0
56.496389310,1
56.497727590,0
56.497813290,1
56.497819020,0
56.497843170,1
56.497849980,0
56.513049660,1
56.514342000,0
56.514360540,1
56.514399220,0
56.514448060,1
56.514455580,0
56.529696950,1
56.531034310,0
56.531057680,1
56.531063300,0
56.531112800,1
56.531118670,0
56.546398760,1
56.547694000,0
56.547743500,1
56.547781890,0
56.547830820,1
56.547848970,0
56.563029790,1
56.564353660,0
56.564369110,1
56.564379060,0
56.579709450,1
56.581013000,0
56.581032440,1
56.581040080,0
56.581061790,1
56.581068440,0
56.596330890,1
56.596336790,0
56.596360980,1
56.597730650,0
56.597750090,1
56.597764160,0
56.597792060,1
56.597797650,0
56.597859030,1
56.597864640,0
56.613040580,1
56.614319140,0
56.614329840,1
56.614386060,0
56.614422040,1
56.614429100,0
56.614547550,1
56.614552830,0
56.629720640,1
56.630802340,0
56.630809270,1
56.630882020,0
56.646363920,1
56.647639470,0
56.647645050,1
56.647698330,0
56.647808370,1
56.647813970,0
56.663036280,1
56.664276890,0
56.664330240,1
56.664399220,0
56.664455890,1
56.664461060,0
56.679695400,1
56.681007360,0
56.681022620,1
56.681036940,0
56.681064450,1
56.681070100,0
56.696363370,1
56.697710100,0
56.697736640,1
56.697818200,0
56.697828690,1
56.697834360,0
56.697858090,1
56.697864130,0
56.713019190,1
56.714369610,0
56.729683140,1
56.730957470,0
56.730977000,1
56.731038710,0
56.731060700,1
56.731066340,0
56.746346810,1
56.747537950,0
56.747544870,1
56.747630290,0
56.747657940,1
56.747692910,0
56.747750080,1
56.747786690,0
56.763063950,1
56.764842610,0
56.779715650,1
56.781456520,0
56.796315520,1
56.796320790,0
56.796348110,1
56.798375990,0
56.813041320,1
56.814127630,0
56.829746270,1
56.831355400,0
56.846309630,1
56.846315210,0
56.846334740,1
56.847568950,0
56.847578150,1
56.847675870,0
56.847687040,1
56.847692630,0
56.863051850,1
56.864364120,0
56.864441860,1
56.864447460,0
56.879709000,1
56.880905350,0
56.880954190,1
56.880989350,0
56.896344440,1
56.897568720,0
56.897580710,1
56.897836350,0
56.912989200,1
56.914658730,0
56.929638600,1
56.931052670,0
56.931141830,1
56.931146920,0
56.946315600,1
56.947563260,0
56.947586970,1
56.947593690,0
56.947620460,1
56.947688890,0
56.947716770,1
56.947735510,0
56.962969030,1
56.964268570,0
56.964292350,1
56.964331110,0
56.964384840,1
56.964391220,0
56.964413740,1
56.964419560,0
56.979650680,1
56.980891170,0
56.980942920,1
56.980975410,0
56.996308890,1
56.997558780,0
56.997573320,1
56.997621100,0
56.997644540,1
56.997650540,0
56.997703140,1
56.997712940,0
56.997766810,1
56.997772980,0
57.012939550,1
57.012945950,0
57.012972410,1
57.014314450,0
57.014341580,1
57.014347970,0
57.014442390,1
57.014456020,0
57.029611330,1
57.029617470,0
57.029636060,1
57.030865280,0
57.030879520,1
57.030927000,0
57.030950860,1
57.030957870,0
57.030984260,1
57.030989890,0
57.031075880,1
57.031081880,0
57.046307550,1
57.047537550,0
57.047563600,1
57.047661360,0
57.062960410,1
57.064182070,0
57.064201490,1
57.064271050,0
57.064322950,1
57.064329750,0
57.079632470,1
57.080908600,0
57.080931620,1
57.080937580,0
57.080956710,1
57.080966520,0
57.096296980,1
57.097667450,0
57.097691480,1
57.097697800,0
57.097816750,1
57.097822970,0
57.112939960,1
57.114297500,0
57.114379730,1
57.114388370,0
57.114506320,1
57.114515190,0
57.129611090,1
57.130818580,0
57.130825030,1
57.130864750,0
57.130879710,1
57.130889540,0
57.130902860,1
57.130958170,0
57.130977330,1
57.131010960,0
57.131055560,1
57.131061140,0
57.131139330,1
57.131145340,0
57.131256560,1
57.131265950,0
57.146249750,1
57.146254970,0
57.146303770,1
57.147558480,0
57.147568170,1
57.147619830,0
57.147644540,1
57.147680000,0
57.162933890,1
57.164192610,0
57.164219180,1
57.164254600,0
57.164312510,1
57.164319090,0
57.179621900,1
57.180865260,0
57.180891020,1
57.180930110,0
57.196265050,1
57.197560470,0
57.197567130,1
57.197614660,0
57.197638920,1
57.197677450,0
57.212936960,1
57.212942660,0
57.212949340,1
57.214099080,0
57.214109310,1
57.214190690,0
57.214239120,1
57.214307980,0
57.229600500,1
57.230863560,0
57.230869400,1
57.230925270,0
57.246255610,1
57.247548500,0
57.247607910,1
57.247613470,0
57.247708370,1
57.247713990,0
57.262931370,1
57.264176680,0
57.264183230,1
57.264189460,0
57.264212590,1
57.264220230,0
57.264246090,1
57.264251630,0
57.264497250,1
57.264502840,0
57.279569470,1
57.279575070,0
57.279598740,1
57.280810210,0
57.280817600,1
57.280840450,0
57.280921810,1
57.280948360,0
57.280955370,1
57.280970350,0
57.296270550,1
57.297603400,0
57.312929950,1
57.314205290,0
57.314227900,1
57.314266970,0
57.329575580,1
57.330821620,0
57.330858510,1
57.330919850,0
57.330946190,1
57.330953490,0
57.330979230,1
57.331018320,0
57.346247700,1
57.347493420,0
57.347542570,1
57.347548830,0
57.362899720,1
57.364282510,0
57.379559210,1
57.379564530,0
57.379575200,1
57.380863410,0
57.380886120,1
57.380975520,0
57.396251780,1
57.397472930,0
57.397497420,1
57.397535140,0
57.397553910,1
57.397628290,0
57.397746700,1
57.397752260,0
57.411956500,1
57.411962060,0
57.412077880,1
57.412112880,0
57.412873390,1
57.412879850,0
57.412896610,1
57.414190250,0
57.414199880,1
57.414298410,0
57.429541830,1
57.430926040,0
57.430977190,1
57.431012070,0
57.431127860,1
57.431133430,0
57.445501170,1
57.445933660,0
57.445953410,1
57.445985590,0
57.446074610,1
57.448035730,0
57.462935570,1
57.463947560,0
57.463973580,1
57.463979070,0
57.479544270,1
57.480684520,0
57.480691860,1
57.480814330,0
57.480842170,1
57.481006900,0
57.481093910,1
57.481099720,0
57.496229140,1
57.497415880,0
57.497430720,1
57.497570590,0
57.512876650,1
57.514188720,0
57.529548310,1
57.530857560,0
57.530938310,1
57.530944300,0
57.530967620,1
57.530973240,0
57.546212370,1
57.547508390,0
57.547532830,1
57.547540400,0
57.547560970,1
57.547599020,0
57.562871070,1
57.564090880,0
57.564114530,1
57.564120180,0
57.564127130,1
57.564178770,0
57.564202450,1
57.564208950,0
57.579534670,1
57.579540300,0
57.579555610,1
57.580756580,0
57.580782340,1
57.580909540,0
57.596231740,1
57.597330170,0
57.597336790,1
57.597501820,0
57.597525500,1
57.597560430,0
57.612891240,1
57.614056600,0
57.614063530,1
57.614148680,0
57.614205890,1
57.614211450,0
57.629538090,1
57.630732880,0
57.630756280,1
57.630791390,0
57.630802520,1
57.630850130,0
57.630932660,1
57.630938760,0
57.646201460,1
57.647450820,0
57.647499490,1
57.647556120,0
57.647562230,1
57.647597200,0
57.662877310,1
57.664105630,0
57.664162690,1
57.664197560,0
57.679536650,1
57.680765930,0
57.680792720,1
57.680798360,0
57.680814130,1
57.680861160,0
57.680947670,1
57.680953330,0
57.680979870,1
57.680985020,0
57.696197530,1
57.697428530,0
57.697445240,1
57.697458470,0
57.712814320,1
57.712819970,0
57.712866210,1
57.714150400,0
57.714179540,1
57.714252410,0
57.714308040,1
57.714313760,0
57.729502630,1
57.729509070,0
57.729518870,1
57.730759790,0
57.730808450,1
57.730845040,0
57.730871260,1
57.730906150,0
57.730930490,1
57.730936740,0
57.746152960,1
57.747937260,0
57.762824840,1
57.764117510,0
57.764144530,1
57.764151340,0
57.764178970,1
57.764184960,0
57.764210760,1
57.764250940,0
57.764311190,1
57.764333560,0
57.764374010,1
57.764379650,0
57.779487380,1
57.779493990,0
57.779512500,1
57.780775200,0
57.780828100,1
57.780862770,0
57.780882620,1
57.780888620,0
57.796186460,1
57.797426050,0
57.797445540,1
57.797593530,0
57.812807000,1
57.812812600,0
57.812832450,1
57.814028350,0
57.814046260,1
57.814056500,0
57.814071420,1
57.814177540,0
57.814192130,1
57.814198470,0
57.829499830,1
57.830778260,0
57.830801950,1
57.830807960,0
57.830814480,1
57.830895520,0
57.830978260,1
57.830984490,0
57.846151070,1
57.847262650,0
57.847269190,1
57.847370800,0
57.847486700,1
57.847492280,0
57.862826850,1
57.864205730,0
57.879498650,1
57.880760360,0
57.880784560,1
57.880823260,0
57.896178960,1
57.897415480,0
57.897455890,1
57.897504970,0
57.897529740,1
57.897537350,0
57.897560610,1
57.897566190,0
57.897619200,1
57.897628980,0
57.897741070,1
57.897746290,0
57.912830140,1
57.914075000,0
57.914178810,1
57.914229930,0
57.914283490,1
57.914290170,0
57.929485410,1
57.930730300,0
57.930756140,1
57.930794810,0
57.930821320,1
57.930827120,0
57.946137630,1
57.947390290,0
57.947442690,1
57.947512960,0
57.962800020,1
57.964139310,0
57.964194530,1
57.964262660,0
57.979467870,1
57.980805600,0
57.980820200,1
57.980834270,0
57.980853690,1
57.980890130,0
57.980942000,1
57.980947240,0
57.996142170,1
57.997384870,0
57.997429510,1
57.997445440,0
57.997472290,1
57.997510460,0
58.012816070,1
58.014045410,0
58.014059610,1
58.014078960,0
58.014105640,1
58.014112540,0
58.014126580,1
58.014178210,0
58.014235690,1
58.014241020,0
58.014298750,1
58.014304880,0
58.029433740,1
58.029439050,0
58.029486480,1
58.030696730,0
58.030731660,1
58.030820980,0
58.046139040,1
58.047379770,0
58.047428540,1
58.047434170,0
58.047453670,1
58.047461120,0
58.047483310,1
58.047489780,0
58.047655000,1
58.047660240,0
58.062790000,1
58.064047530,0
58.064062750,1
58.064127030,0
58.079478790,1
58.080631610,0
58.080636890,1
58.080711110,0
58.080810170,1
58.080912560,0
58.080923140,1
58.080928810,0
58.094966470,1
58.095379810,0
58.095405380,1
58.095474060,0
58.096083300,1
58.097418300,0
58.112801590,1
58.112807160,0
58.112827740,1
58.113920870,0
58.113932010,1
58.113941830,0
58.129469410,1
58.130698890,0
58.130725320,1
58.130789880,0
58.130813280,1
58.130819300,0
58.130968160,1
58.130973770,0
58.146124590,1
58.147319690,0
58.147342580,1
58.147449080,0
58.162792750,1
58.164235040,0
58.179448100,1
58.180676680,0
58.180732690,1
58.180773770,0
58.180800470,1
58.180806570,0
58.180896760,1
58.180902880,0
58.196120040,1
58.197407430,0
58.197431600,1
58.197438210,0
58.197522730,1
58.197530520,0
58.197648330,1
58.197653910,0
58.212767190,1
58.214037800,0
58.214053840,1
58.214158630,0
58.229443510,1
58.230757020,0
58.230808420,1
58.230831290,0
58.230867020,1
58.230872610,0
58.246118270,1
58.247387360,0
58.247402660,1
58.247418870,0
58.247425840,1
58.247481940,0
58.262766440,1
58.264045140,0
58.264064440,1
58.264112080,0
58.264169130,1
58.264176760,0
58.264336590,1
58.264342180,0
58.279409370,1
58.280638130,0
58.280661970,1
58.280668830,0
58.280674280,1
58.280760860,0
58.280816160,1
58.280842750,0
58.280879000,1
58.280884590,0
58.296077390,1
58.297502350,0
58.312753840,1
58.314090480,0
58.314140520,1
58.314146270,0
58.329429620,1
58.330558200,0
58.330568780,1
58.330720840,0
58.330748310,1
58.330775350,0
58.346072070,1
58.347398290,0
58.347424460,1
58.347430070,0
58.347483580,1
58.347490440,0
58.362735560,1
58.363951200,0
58.363966400,1
58.364040490,0
58.364066840,1
58.364115000,0
58.364154830,1
58.364160520,0
58.379423850,1
58.380683830,0
58.380738720,1
58.380806930,0
58.396066820,1
58.397370000,0
58.397427530,1
58.397433840,0
58.397494200,1
58.397500600,0
58.412745970,1
58.413960070,0
58.413965450,1
58.413991560,0
58.414015130,1
58.414083910,0
58.414140730,1
58.414146370,0
58.414203550,1
58.414209140,0
58.429406110,1
58.430645080,0
58.430670580,1
58.430676440,0
58.430699860,1
58.430797820,0
58.446065720,1
58.447361040,0
58.447505970,1
58.447553830,0
58.447560440,1
58.447566690,0
58.462736590,1
58.464096290,0
58.479413420,1
58.480639220,0
58.480644950,1
58.480672980,0
58.480690420,1
58.480739960,0
58.480769980,1
58.480809090,0
58.480937790,1
58.480943050,0
58.496051980,1
58.497313980,0
58.497337380,1
58.497388980,0
58.497400110,1
58.497468510,0
58.512732740,1
58.513979230,0
58.514001070,1
58.514063210,0
58.529396350,1
58.530578420,0
58.530597890,1
58.530634980,0
58.530654770,1
58.530745770,0
58.530794790,1
58.530802210,0
58.546051730,1
58.547318080,0
58.547370420,1
58.547379940,0
58.547533710,1
58.547539290,0
58.562727910,1
58.563923230,0
58.563946300,1
58.563981310,0
58.564055270,1
58.564061200,0
58.579391490,1
58.580619820,0
58.580636690,1
58.580642780,0
58.580681080,1
58.580713680,0
58.580731300,1
58.580737200,0
58.580752250,1
58.580792320,0
58.580802490,1
58.580808120,0
58.580873870,1
58.580880310,0
58.580953210,1
58.580958820,0
58.596063210,1
58.597339010,0
58.597394620,1
58.597429540,0
58.597512230,1
58.597517460,0
58.612727470,1
58.613821050,0
58.613836340,1
58.614049360,0
58.614129470,1
58.614135070,0
58.614214000,1
58.614219220,0
58.629369270,1
58.630689510,0
58.630713180,1
58.630719550,0
58.630746670,1
58.630756490,0
58.630884860,1
58.630890440,0
58.630918370,1
58.630923940,0
58.646041120,1
58.647157720,0
58.647163150,1
58.647434220,0
58.647460440,1
58.647466060,0
58.662696090,1
58.663920990,0
58.663927350,1
58.663984160,0
58.664036270,1
58.664043010,0
58.679360330,1
58.680668100,0
58.680691710,1
58.680759990,0
58.696037180,1
58.697498940,0
58.712711910,1
58.713953220,0
58.713976670,1
58.713984040,0
58.714043660,1
58.714049280,0
58.714077200,1
58.714082740,0
58.714173430,1
58.714179330,0
58.729354740,1
58.730616860,0
58.730669420,1
58.730675610,0
58.746030740,1
58.747175360,0
58.747186370,1
58.747234090,0
58.762735910,1
58.763801560,0
58.763841220,1
58.763893280,0
58.763916570,1
58.763924220,0
58.763979450,1
58.763985420,0
58.764042460,1
58.764047820,0
58.779361550,1
58.780673590,0
58.780801760,1
58.780807370,0
58.796033610,1
58.796040970,0
58.796046230,1
58.797271240,0
58.797289660,1
58.797437650,0
58.812672030,1
58.813975510,0
58.813999220,1
58.814005510,0
58.814062010,1
58.814097420,0
58.829339590,1
58.830630450,0
58.830637000,1
58.830643440,0
58.830665920,1
58.830671950,0
58.846014390,1
58.847343060,0
58.847398970,1
58.847405870,0
58.862665380,1
58.863906080,0
58.863921420,1
58.863936520,0
58.863992560,1
58.864031770,0
58.879347140,1
58.880700830,0
58.880986880,1
58.880992050,0
58.895980490,1
58.895986480,0
58.896009220,1
58.897230830,0
58.897248500,1
58.897291950,0
58.897491570,1
58.897498170,0
58.912668650,1
58.913834970,0
58.913840920,1
58.913897270,0
58.913912150,1
58.913926330,0
58.913949800,1
58.913959650,0
58.914142370,1
58.914148010,0
58.929315560,1
58.930669310,0
58.945991860,1
58.945997490,0
58.946012770,1
58.947274540,0
58.947298160,1
58.947379160,0
58.947390470,1
58.947429820,0
58.962663760,1
58.963829150,0
58.963836160,1
58.963921260,0
58.963936580,1
58.964038470,0
58.964062270,1
58.964097100,0
58.979302010,1
58.980563690,0
58.980616670,1
58.980685080,0
58.995982310,1
58.997210520,0
58.997217430,1
58.997300040,0
58.997313790,1
58.997392840,0
58.997418390,1
58.997424170,0
58.997548210,1
58.997554460,0
59.012654390,1
59.014012390,0
59.014065360,1
59.014100330,0
59.029301110,1
59.030542140,0
59.030561240,1
59.030625520,0
59.030732980,1
59.030739440,0
59.030791560,1
59.030797180,0
59.045968390,1
59.047285310,0
59.047363090,1
59.047369980,0
59.047421210,1
59.047426800,0
59.062643740,1
59.063830950,0
59.063857950,1
59.063863580,0
59.063912420,1
59.063922400,0
59.064033840,1
59.064041660,0
59.079298650,1
59.080543610,0
59.080558870,1
59.080635720,0
59.080722390,1
59.080744640,0
59.095978970,1
59.097430670,0
59.112616860,1
59.113855180,0
59.113879640,1
59.113917320,0
59.113969160,1
59.114008220,0
59.114065430,1
59.114100380,0
59.114157560,1
59.114163540,0
59.129284380,1
59.129292030,0
59.129297500,1
59.130485540,0
59.130509230,1
59.130514340,0
59.130594780,1
59.130600390,0
59.130649750,1
59.130656450,0
59.130737130,1
59.130742680,0
59.145960560,1
59.147318160,0
59.147434020,1
59.147469140,0
59.162627340,1
59.163785550,0
59.163804290,1
59.163877650,0
59.163888480,1
59.163906320,0
59.163912740,1
59.164056870,0
59.164173140,1
59.164178330,0
59.179282940,1
59.180565660,0
59.180584970,1
59.180599010,0
59.180605930,1
59.180665950,0
59.180693850,1
59.180699450,0
59.195925590,1
59.195931240,0
59.195938470,1
59.197258420,0
59.197319800,1
59.197354980,0
59.197445640,1
59.197451080,0
59.212601740,1
59.212608200,0
59.212622600,1
59.213867560,0
59.213916360,1
59.213952760,0
59.213975010,1
59.214011550,0
59.229269750,1
59.230518580,0
59.230538080,1
59.230543900,0
59.230580000,1
59.230623230,0
59.230642820,1
59.230660970,0
59.245941300,1
59.247254420,0
59.247302010,1
59.247307660,0
59.262567490,1
59.262573080,0
59.262596780,1
59.263884450,0
59.263911460,1
59.263950960,0
59.279252290,1
59.279258070,0
59.279273220,1
59.280652150,0
59.295916630,1
59.295923190,0
59.295942110,1
59.297194600,0
59.312596700,1
59.313888690,0
59.313974140,1
59.314009060,0
59.329273000,1
59.330451850,0
59.330474670,1
59.330536870,0
59.330587680,1
59.330593360,0
59.345916060,1
59.345922320,0
59.345931320,1
59.347190820,0
59.347272590,1
59.347278910,0
59.362657600,1
59.363801170,0
59.363818940,1
59.364368840,0
59.379263600,1
59.380586170,0
59.380730220,1
59.380735300,0
59.395912930,1
59.395918390,0
59.395935390,1
59.397032250,0
59.397058580,1
59.397097670,0
59.412640750,1
59.413715030,0
59.413726080,1
59.413790670,0
59.413797290,1
59.413836400,0
59.429238630,1
59.430488690,0
59.430548940,1
59.430589100,0
59.430682600,1
59.430688180,0
59.445905550,1
59.447130330,0
59.447149520,1
59.447159790,0
59.447170450,1
59.447193090,0
59.447212530,1
59.447223960,0
59.447379760,1
59.447385790,0
59.462569570,1
59.463811010,0
59.463835940,1
59.463915970,0
59.479207960,1
59.479213560,0
59.479249790,1
59.480557490,0
59.480610890,1
59.480632860,0
59.480639790,1
59.480645660,0
59.480669750,1
59.480683420,0
59.495879910,1
59.497125680,0
59.497148500,1
59.497166960,0
59.497181970,1
59.497187580,0
59.497270450,1
59.497296440,0
59.497303920,1
59.497309420,0
59.497433310,1
59.497438820,0
59.512539640,1
59.512545690,0
59.512556960,1
59.513872200,0
59.513895910,1
59.513901750,0
59.529219450,1
59.530485270,0
59.530571780,1
59.530615050,0
59.545903970,1
59.547190740,0
59.547201940,1
59.547208920,0
59.547231160,1
59.547266140,0
59.547285640,1
59.547292560,0
59.562546770,1
59.563808470,0
59.563827920,1
59.563867320,0
59.563924220,1
59.563992650,0
59.564046590,1
59.564068030,0
59.579215150,1
59.580548560,0
59.580559190,1
59.580610910,0
59.580627240,1
59.580632390,0
59.595900030,1
59.597183080,0
59.597202080,1
59.597211850,0
59.597227230,1
59.597310550,0
59.597336350,1
59.597375100,0
59.612562990,1
59.613803940,0
59.613859950,1
59.613896120,0
59.613919670,1
59.613954510,0
59.614008090,1
59.614013350,0
59.629212260,1
59.630459180,0
59.630499610,1
59.630555470,0
59.630637810,1
59.630643470,0
59.630667450,1
59.630681070,0
59.645882140,1
59.647236390,0
59.647293160,1
59.647298770,0
59.662541650,1
59.663913560,0
59.663940040,1
59.663945700,0
59.679212480,1
59.680563450,0
59.680608690,1
59.680614810,0
59.680670890,1
59.680676680,0
59.695848510,1
59.697074690,0
59.697096210,1
59.697106030,0
59.697112990,1
59.697164620,0
59.697188320,1
59.697194690,0
59.697218670,1
59.697223960,0
59.697280500,1
59.697286610,0
59.697403050,1
59.697409020,0
59.712516350,1
59.713794790,0
59.713818460,1
59.713824160,0
59.713881870,1
59.713888070,0
59.713906430,1
59.713918840,0
59.729188150,1
59.730608910,0
59.730670330,1
59.730675980,0
59.745855640,1
59.747176680,0
59.747228880,1
59.747234470,0
59.747284170,1
59.747290410,0
59.747371320,1
59.747376820,0
59.762527030,1
59.763771930,0
59.763795980,1
59.763801910,0
59.779194110,1
59.780469390,0
59.780491950,1
59.780510800,0
59.795832390,1
59.797160700,0
59.797180220,1
59.797218470,0
59.812511250,1
59.813732030,0
59.813751170,1
59.813811610,0
59.813830350,1
59.813920070,0
59.829163290,1
59.829170010,0
59.829191980,1
59.830538120,0
59.830623850,1
59.830629520,0
59.830686920,1
59.830692240,0
59.845834520,1
59.845841830,0
59.845855590,1
59.847102000,0
59.847111110,1
59.847183720,0
59.847232560,1
59.847267500,0
59.862489150,1
59.863788720,0
59.863803790,1
59.863940280,0
59.863967190,1
59.863972910,0
59.879140390,1
59.880399120,0
59.880404810,1
59.880432880,0
59.880458900,1
59.880535670,0
59.895855980,1
59.897092020,0
59.912491880,1
59.913838960,0
59.913865120,1
59.913870740,0
59.929167720,1
59.930504510,0
59.945818050,1
59.947056550,0
59.947082360,1
59.947100570,0
59.962489530,1
59.962496690,0
59.962502080,1
59.963732140,0
59.963783200,1
59.963789550,0
59.963930160,1
59.963935400,0
59.979165460,1
59.980414750,0
59.980434010,1
59.980477340,0
59.980530310,1
59.980535920,0
59.980559660,1
59.980565530,0
59.995828430,1
59.997044820,0
59.997067790,1
59.997162330,0
59.997187080,1
59.997192840,0
60.012479200,1
60.013786890,0
60.013810570,1
60.013816210,0
60.029154960,1
60.030370850,0
60.030431990,1
60.030471350,0
60.030495690,1
60.030502560,0
60.045843590,1
60.046892520,0
60.046915870,1
60.046923070,0
60.062511000,1
60.062516910,0
60.062527790,1
60.063661150,0
60.063670740,1
60.063676920,0
60.063712650,1
60.063718310,0
60.063737750,1
60.063802450,0
60.079161910,1
60.080369760,0
60.080376030,1
60.080461280,0
60.080547710,1
60.080553350,0
60.095201280,0
